commodity,year,sum(value)
"AIRCRAFT, SPACECRAFT, AND PARTS THEREOF.",2010,1667.77
"AIRCRAFT, SPACECRAFT, AND PARTS THEREOF.",2011,2275.19
"AIRCRAFT, SPACECRAFT, AND PARTS THEREOF.",2012,2210.19
"AIRCRAFT, SPACECRAFT, AND PARTS THEREOF.",2013,4585.2
"AIRCRAFT, SPACECRAFT, AND PARTS THEREOF.",2014,6159.59
"AIRCRAFT, SPACECRAFT, AND PARTS THEREOF.",2015,3959.3
"AIRCRAFT, SPACECRAFT, AND PARTS THEREOF.",2016,3381.8
"AIRCRAFT, SPACECRAFT, AND PARTS THEREOF.",2017,2264.77
"AIRCRAFT, SPACECRAFT, AND PARTS THEREOF.",2018,1716.04
ALBUMINOIDAL SUBSTANCES; MODIFIED STARCHES; GLUES; ENZYMES.,2010,240.78
ALBUMINOIDAL SUBSTANCES; MODIFIED STARCHES; GLUES; ENZYMES.,2011,205.24
ALBUMINOIDAL SUBSTANCES; MODIFIED STARCHES; GLUES; ENZYMES.,2012,303.09
ALBUMINOIDAL SUBSTANCES; MODIFIED STARCHES; GLUES; ENZYMES.,2013,332.9
ALBUMINOIDAL SUBSTANCES; MODIFIED STARCHES; GLUES; ENZYMES.,2014,313.0
ALBUMINOIDAL SUBSTANCES; MODIFIED STARCHES; GLUES; ENZYMES.,2015,249.57
ALBUMINOIDAL SUBSTANCES; MODIFIED STARCHES; GLUES; ENZYMES.,2016,251.32
ALBUMINOIDAL SUBSTANCES; MODIFIED STARCHES; GLUES; ENZYMES.,2017,236.54
ALBUMINOIDAL SUBSTANCES; MODIFIED STARCHES; GLUES; ENZYMES.,2018,251.71
ALUMINIUM AND ARTICLES THEREOF.,2010,1243.26
ALUMINIUM AND ARTICLES THEREOF.,2011,1499.42
ALUMINIUM AND ARTICLES THEREOF.,2012,1600.66
ALUMINIUM AND ARTICLES THEREOF.,2013,1914.45
ALUMINIUM AND ARTICLES THEREOF.,2014,2833.34
ALUMINIUM AND ARTICLES THEREOF.,2015,2614.39
ALUMINIUM AND ARTICLES THEREOF.,2016,3222.9
ALUMINIUM AND ARTICLES THEREOF.,2017,4775.6
ALUMINIUM AND ARTICLES THEREOF.,2018,5703.1
ANIMAL OR VEGETABLE FATS AND OILS AND THEIR CLEAVAGE PRODUCTS; PRE. EDIBLE FATS; ANIMAL OR VEGETABLE WAXEX.,2010,745.1
ANIMAL OR VEGETABLE FATS AND OILS AND THEIR CLEAVAGE PRODUCTS; PRE. EDIBLE FATS; ANIMAL OR VEGETABLE WAXEX.,2011,1108.79
ANIMAL OR VEGETABLE FATS AND OILS AND THEIR CLEAVAGE PRODUCTS; PRE. EDIBLE FATS; ANIMAL OR VEGETABLE WAXEX.,2012,958.739999999999
ANIMAL OR VEGETABLE FATS AND OILS AND THEIR CLEAVAGE PRODUCTS; PRE. EDIBLE FATS; ANIMAL OR VEGETABLE WAXEX.,2013,857.29
ANIMAL OR VEGETABLE FATS AND OILS AND THEIR CLEAVAGE PRODUCTS; PRE. EDIBLE FATS; ANIMAL OR VEGETABLE WAXEX.,2014,973.2
ANIMAL OR VEGETABLE FATS AND OILS AND THEIR CLEAVAGE PRODUCTS; PRE. EDIBLE FATS; ANIMAL OR VEGETABLE WAXEX.,2015,877.19
ANIMAL OR VEGETABLE FATS AND OILS AND THEIR CLEAVAGE PRODUCTS; PRE. EDIBLE FATS; ANIMAL OR VEGETABLE WAXEX.,2016,892.539999999999
ANIMAL OR VEGETABLE FATS AND OILS AND THEIR CLEAVAGE PRODUCTS; PRE. EDIBLE FATS; ANIMAL OR VEGETABLE WAXEX.,2017,1263.75
ANIMAL OR VEGETABLE FATS AND OILS AND THEIR CLEAVAGE PRODUCTS; PRE. EDIBLE FATS; ANIMAL OR VEGETABLE WAXEX.,2018,1097.47
ARMS AND AMMUNITION; PARTS AND ACCESSORIES THEREOF.,2010,17.03
ARMS AND AMMUNITION; PARTS AND ACCESSORIES THEREOF.,2011,26.31
ARMS AND AMMUNITION; PARTS AND ACCESSORIES THEREOF.,2012,43.73
ARMS AND AMMUNITION; PARTS AND ACCESSORIES THEREOF.,2013,69.51
ARMS AND AMMUNITION; PARTS AND ACCESSORIES THEREOF.,2014,61.84
ARMS AND AMMUNITION; PARTS AND ACCESSORIES THEREOF.,2015,124.52
ARMS AND AMMUNITION; PARTS AND ACCESSORIES THEREOF.,2016,103.21
ARMS AND AMMUNITION; PARTS AND ACCESSORIES THEREOF.,2017,98.99
ARMS AND AMMUNITION; PARTS AND ACCESSORIES THEREOF.,2018,110.94
"ARTICLES OF APPAREL AND CLOTHING ACCESSORIES, KNITTED OR CORCHETED.",2010,4953.27
"ARTICLES OF APPAREL AND CLOTHING ACCESSORIES, KNITTED OR CORCHETED.",2011,5776.34
"ARTICLES OF APPAREL AND CLOTHING ACCESSORIES, KNITTED OR CORCHETED.",2012,5553.85
"ARTICLES OF APPAREL AND CLOTHING ACCESSORIES, KNITTED OR CORCHETED.",2013,6657.08
"ARTICLES OF APPAREL AND CLOTHING ACCESSORIES, KNITTED OR CORCHETED.",2014,7654.25
"ARTICLES OF APPAREL AND CLOTHING ACCESSORIES, KNITTED OR CORCHETED.",2015,7664.65
"ARTICLES OF APPAREL AND CLOTHING ACCESSORIES, KNITTED OR CORCHETED.",2016,8223.27000000001
"ARTICLES OF APPAREL AND CLOTHING ACCESSORIES, KNITTED OR CORCHETED.",2017,7996.83000000001
"ARTICLES OF APPAREL AND CLOTHING ACCESSORIES, KNITTED OR CORCHETED.",2018,7819.93
"ARTICLES OF APPAREL AND CLOTHING ACCESSORIES, NOT KNITTED OR CROCHETED.",2010,6673.09000000001
"ARTICLES OF APPAREL AND CLOTHING ACCESSORIES, NOT KNITTED OR CROCHETED.",2011,7959.96
"ARTICLES OF APPAREL AND CLOTHING ACCESSORIES, NOT KNITTED OR CROCHETED.",2012,7407.41
"ARTICLES OF APPAREL AND CLOTHING ACCESSORIES, NOT KNITTED OR CROCHETED.",2013,8342.78
"ARTICLES OF APPAREL AND CLOTHING ACCESSORIES, NOT KNITTED OR CROCHETED.",2014,9191.54000000001
"ARTICLES OF APPAREL AND CLOTHING ACCESSORIES, NOT KNITTED OR CROCHETED.",2015,9324.02
"ARTICLES OF APPAREL AND CLOTHING ACCESSORIES, NOT KNITTED OR CROCHETED.",2016,9163.96
"ARTICLES OF APPAREL AND CLOTHING ACCESSORIES, NOT KNITTED OR CROCHETED.",2017,8723.89
"ARTICLES OF APPAREL AND CLOTHING ACCESSORIES, NOT KNITTED OR CROCHETED.",2018,8335.41
ARTICLES OF IRON OR STEEL,2010,6584.88
ARTICLES OF IRON OR STEEL,2011,7047.77
ARTICLES OF IRON OR STEEL,2012,7435.8
ARTICLES OF IRON OR STEEL,2013,6806.95
ARTICLES OF IRON OR STEEL,2014,7591.47
ARTICLES OF IRON OR STEEL,2015,6163.08000000001
ARTICLES OF IRON OR STEEL,2016,5915.55
ARTICLES OF IRON OR STEEL,2017,6794.62
ARTICLES OF IRON OR STEEL,2018,7289.53
"ARTICLES OF LEATHER,SADDLERY AND HARNESS;TRAVEL GOODS, HANDBAGS AND SIMILAR CONT.ARTICLES OF ANIMAL GUT(OTHR THN SILK-WRM)GUT.",2010,1578.31
"ARTICLES OF LEATHER,SADDLERY AND HARNESS;TRAVEL GOODS, HANDBAGS AND SIMILAR CONT.ARTICLES OF ANIMAL GUT(OTHR THN SILK-WRM)GUT.",2011,2029.58
"ARTICLES OF LEATHER,SADDLERY AND HARNESS;TRAVEL GOODS, HANDBAGS AND SIMILAR CONT.ARTICLES OF ANIMAL GUT(OTHR THN SILK-WRM)GUT.",2012,2092.36
"ARTICLES OF LEATHER,SADDLERY AND HARNESS;TRAVEL GOODS, HANDBAGS AND SIMILAR CONT.ARTICLES OF ANIMAL GUT(OTHR THN SILK-WRM)GUT.",2013,2354.28
"ARTICLES OF LEATHER,SADDLERY AND HARNESS;TRAVEL GOODS, HANDBAGS AND SIMILAR CONT.ARTICLES OF ANIMAL GUT(OTHR THN SILK-WRM)GUT.",2014,2535.56
"ARTICLES OF LEATHER,SADDLERY AND HARNESS;TRAVEL GOODS, HANDBAGS AND SIMILAR CONT.ARTICLES OF ANIMAL GUT(OTHR THN SILK-WRM)GUT.",2015,2386.71
"ARTICLES OF LEATHER,SADDLERY AND HARNESS;TRAVEL GOODS, HANDBAGS AND SIMILAR CONT.ARTICLES OF ANIMAL GUT(OTHR THN SILK-WRM)GUT.",2016,2344.2
"ARTICLES OF LEATHER,SADDLERY AND HARNESS;TRAVEL GOODS, HANDBAGS AND SIMILAR CONT.ARTICLES OF ANIMAL GUT(OTHR THN SILK-WRM)GUT.",2017,2425.44
"ARTICLES OF LEATHER,SADDLERY AND HARNESS;TRAVEL GOODS, HANDBAGS AND SIMILAR CONT.ARTICLES OF ANIMAL GUT(OTHR THN SILK-WRM)GUT.",2018,2558.51
"ARTICLES OF STONE, PLASTER, CEMENT, ASBESTOS, MICA OR SIMILAR MATERIALS.",2010,1000.98
"ARTICLES OF STONE, PLASTER, CEMENT, ASBESTOS, MICA OR SIMILAR MATERIALS.",2011,1059.7
"ARTICLES OF STONE, PLASTER, CEMENT, ASBESTOS, MICA OR SIMILAR MATERIALS.",2012,1168.62
"ARTICLES OF STONE, PLASTER, CEMENT, ASBESTOS, MICA OR SIMILAR MATERIALS.",2013,1322.6
"ARTICLES OF STONE, PLASTER, CEMENT, ASBESTOS, MICA OR SIMILAR MATERIALS.",2014,1395.7
"ARTICLES OF STONE, PLASTER, CEMENT, ASBESTOS, MICA OR SIMILAR MATERIALS.",2015,1334.06
"ARTICLES OF STONE, PLASTER, CEMENT, ASBESTOS, MICA OR SIMILAR MATERIALS.",2016,1349.67
"ARTICLES OF STONE, PLASTER, CEMENT, ASBESTOS, MICA OR SIMILAR MATERIALS.",2017,1374.03
"ARTICLES OF STONE, PLASTER, CEMENT, ASBESTOS, MICA OR SIMILAR MATERIALS.",2018,1580.01
"BEVERAGES, SPIRITS AND VINEGAR.",2010,186.81
"BEVERAGES, SPIRITS AND VINEGAR.",2011,309.13
"BEVERAGES, SPIRITS AND VINEGAR.",2012,361.92
"BEVERAGES, SPIRITS AND VINEGAR.",2013,408.94
"BEVERAGES, SPIRITS AND VINEGAR.",2014,377.77
"BEVERAGES, SPIRITS AND VINEGAR.",2015,320.43
"BEVERAGES, SPIRITS AND VINEGAR.",2016,311.95
"BEVERAGES, SPIRITS AND VINEGAR.",2017,346.46
"BEVERAGES, SPIRITS AND VINEGAR.",2018,325.74
CARPETS AND OTHER TEXTILE FLOOR COVERINGS.,2010,1398.25
CARPETS AND OTHER TEXTILE FLOOR COVERINGS.,2011,1235.54
CARPETS AND OTHER TEXTILE FLOOR COVERINGS.,2012,1424.02
CARPETS AND OTHER TEXTILE FLOOR COVERINGS.,2013,1578.96
CARPETS AND OTHER TEXTILE FLOOR COVERINGS.,2014,1819.37
CARPETS AND OTHER TEXTILE FLOOR COVERINGS.,2015,1726.53
CARPETS AND OTHER TEXTILE FLOOR COVERINGS.,2016,1773.73
CARPETS AND OTHER TEXTILE FLOOR COVERINGS.,2017,1711.04
CARPETS AND OTHER TEXTILE FLOOR COVERINGS.,2018,1765.75
CERAMIC PRODUCTS.,2010,325.48
CERAMIC PRODUCTS.,2011,389.8
CERAMIC PRODUCTS.,2012,444.75
CERAMIC PRODUCTS.,2013,550.98
CERAMIC PRODUCTS.,2014,841.88
CERAMIC PRODUCTS.,2015,913.99
CERAMIC PRODUCTS.,2016,1101.03
CERAMIC PRODUCTS.,2017,1310.92
CERAMIC PRODUCTS.,2018,1590.13
CEREALS.,2010,3348.46
CEREALS.,2011,6270.31
CEREALS.,2012,9655.4
CEREALS.,2013,10562.81
CEREALS.,2014,9550.89
CEREALS.,2015,6271.96
CEREALS.,2016,6012.93
CEREALS.,2017,8151.47
CEREALS.,2018,8160.08
CLOCKS AND WATCHES AND PARTS THEREOF.,2010,51.27
CLOCKS AND WATCHES AND PARTS THEREOF.,2011,74.34
CLOCKS AND WATCHES AND PARTS THEREOF.,2012,79.94
CLOCKS AND WATCHES AND PARTS THEREOF.,2013,85.44
CLOCKS AND WATCHES AND PARTS THEREOF.,2014,92.39
CLOCKS AND WATCHES AND PARTS THEREOF.,2015,97.53
CLOCKS AND WATCHES AND PARTS THEREOF.,2016,88.86
CLOCKS AND WATCHES AND PARTS THEREOF.,2017,80.29
CLOCKS AND WATCHES AND PARTS THEREOF.,2018,100.49
COCOA AND COCOA PREPARATIONS.,2010,27.86
COCOA AND COCOA PREPARATIONS.,2011,36.52
COCOA AND COCOA PREPARATIONS.,2012,54.01
COCOA AND COCOA PREPARATIONS.,2013,93.9
COCOA AND COCOA PREPARATIONS.,2014,138.84
COCOA AND COCOA PREPARATIONS.,2015,193.3
COCOA AND COCOA PREPARATIONS.,2016,162.14
COCOA AND COCOA PREPARATIONS.,2017,177.46
COCOA AND COCOA PREPARATIONS.,2018,192.68
"COFFEE, TEA, MATE AND SPICES.",2010,2181.08
"COFFEE, TEA, MATE AND SPICES.",2011,3062.74
"COFFEE, TEA, MATE AND SPICES.",2012,2742.69
"COFFEE, TEA, MATE AND SPICES.",2013,2746.36
"COFFEE, TEA, MATE AND SPICES.",2014,2871.55
"COFFEE, TEA, MATE AND SPICES.",2015,2954.63
"COFFEE, TEA, MATE AND SPICES.",2016,3184.94
"COFFEE, TEA, MATE AND SPICES.",2017,3310.16
"COFFEE, TEA, MATE AND SPICES.",2018,3199.31
COPPER AND ARTICLES THEREOF.,2010,3120.57
COPPER AND ARTICLES THEREOF.,2011,2850.0
COPPER AND ARTICLES THEREOF.,2012,2894.7
COPPER AND ARTICLES THEREOF.,2013,2783.4
COPPER AND ARTICLES THEREOF.,2014,3360.76
COPPER AND ARTICLES THEREOF.,2015,2477.27
COPPER AND ARTICLES THEREOF.,2016,2619.88
COPPER AND ARTICLES THEREOF.,2017,3418.54
COPPER AND ARTICLES THEREOF.,2018,999.42
CORK AND ARTICLES OF CORK.,2010,2.6
CORK AND ARTICLES OF CORK.,2011,2.94
CORK AND ARTICLES OF CORK.,2012,2.33
CORK AND ARTICLES OF CORK.,2013,2.19
CORK AND ARTICLES OF CORK.,2014,2.01
CORK AND ARTICLES OF CORK.,2015,1.99
CORK AND ARTICLES OF CORK.,2016,2.34
CORK AND ARTICLES OF CORK.,2017,2.8
CORK AND ARTICLES OF CORK.,2018,3.71
COTTON.,2010,6925.86
COTTON.,2011,8921.72
COTTON.,2012,8936.67999999999
COTTON.,2013,9926.09
COTTON.,2014,7717.63
COTTON.,2015,7312.84
COTTON.,2016,6610.62
COTTON.,2017,7044.88000000001
COTTON.,2018,7887.95
"DAIRY PRODUCE; BIRDS' EGGS; NATURAL HONEY; EDIBLE PROD. OF ANIMAL ORIGIN, NOT ELSEWHERE SPEC. OR INCLUDED.",2010,248.68
"DAIRY PRODUCE; BIRDS' EGGS; NATURAL HONEY; EDIBLE PROD. OF ANIMAL ORIGIN, NOT ELSEWHERE SPEC. OR INCLUDED.",2011,208.62
"DAIRY PRODUCE; BIRDS' EGGS; NATURAL HONEY; EDIBLE PROD. OF ANIMAL ORIGIN, NOT ELSEWHERE SPEC. OR INCLUDED.",2012,409.96
"DAIRY PRODUCE; BIRDS' EGGS; NATURAL HONEY; EDIBLE PROD. OF ANIMAL ORIGIN, NOT ELSEWHERE SPEC. OR INCLUDED.",2013,705.05
"DAIRY PRODUCE; BIRDS' EGGS; NATURAL HONEY; EDIBLE PROD. OF ANIMAL ORIGIN, NOT ELSEWHERE SPEC. OR INCLUDED.",2014,378.98
"DAIRY PRODUCE; BIRDS' EGGS; NATURAL HONEY; EDIBLE PROD. OF ANIMAL ORIGIN, NOT ELSEWHERE SPEC. OR INCLUDED.",2015,328.46
"DAIRY PRODUCE; BIRDS' EGGS; NATURAL HONEY; EDIBLE PROD. OF ANIMAL ORIGIN, NOT ELSEWHERE SPEC. OR INCLUDED.",2016,292.87
"DAIRY PRODUCE; BIRDS' EGGS; NATURAL HONEY; EDIBLE PROD. OF ANIMAL ORIGIN, NOT ELSEWHERE SPEC. OR INCLUDED.",2017,366.53
"DAIRY PRODUCE; BIRDS' EGGS; NATURAL HONEY; EDIBLE PROD. OF ANIMAL ORIGIN, NOT ELSEWHERE SPEC. OR INCLUDED.",2018,538.59
EDIBLE FRUIT AND NUTS; PEEL OR CITRUS FRUIT OR MELONS.,2010,1137.55
EDIBLE FRUIT AND NUTS; PEEL OR CITRUS FRUIT OR MELONS.,2011,1516.14
EDIBLE FRUIT AND NUTS; PEEL OR CITRUS FRUIT OR MELONS.,2012,1412.28
EDIBLE FRUIT AND NUTS; PEEL OR CITRUS FRUIT OR MELONS.,2013,1623.21
EDIBLE FRUIT AND NUTS; PEEL OR CITRUS FRUIT OR MELONS.,2014,1610.64
EDIBLE FRUIT AND NUTS; PEEL OR CITRUS FRUIT OR MELONS.,2015,1584.58
EDIBLE FRUIT AND NUTS; PEEL OR CITRUS FRUIT OR MELONS.,2016,1731.07
EDIBLE FRUIT AND NUTS; PEEL OR CITRUS FRUIT OR MELONS.,2017,1856.95
EDIBLE FRUIT AND NUTS; PEEL OR CITRUS FRUIT OR MELONS.,2018,1617.28
EDIBLE VEGETABLES AND CERTAIN ROOTS AND TUBERS.,2010,897.52
EDIBLE VEGETABLES AND CERTAIN ROOTS AND TUBERS.,2011,1008.29
EDIBLE VEGETABLES AND CERTAIN ROOTS AND TUBERS.,2012,1037.26
EDIBLE VEGETABLES AND CERTAIN ROOTS AND TUBERS.,2013,1355.98
EDIBLE VEGETABLES AND CERTAIN ROOTS AND TUBERS.,2014,1180.74
EDIBLE VEGETABLES AND CERTAIN ROOTS AND TUBERS.,2015,1261.33
EDIBLE VEGETABLES AND CERTAIN ROOTS AND TUBERS.,2016,1294.62
EDIBLE VEGETABLES AND CERTAIN ROOTS AND TUBERS.,2017,1305.47
EDIBLE VEGETABLES AND CERTAIN ROOTS AND TUBERS.,2018,1301.64
"ELECTRICAL MACHINERY AND EQUIPMENT AND PARTS THEREOF; SOUND RECORDERS AND REPRODUCERS, TELEVISION IMAGE AND SOUND RECORDERS AND REPRODUCERS,AND PARTS.",2010,10143.95
"ELECTRICAL MACHINERY AND EQUIPMENT AND PARTS THEREOF; SOUND RECORDERS AND REPRODUCERS, TELEVISION IMAGE AND SOUND RECORDERS AND REPRODUCERS,AND PARTS.",2011,11527.13
"ELECTRICAL MACHINERY AND EQUIPMENT AND PARTS THEREOF; SOUND RECORDERS AND REPRODUCERS, TELEVISION IMAGE AND SOUND RECORDERS AND REPRODUCERS,AND PARTS.",2012,10861.68
"ELECTRICAL MACHINERY AND EQUIPMENT AND PARTS THEREOF; SOUND RECORDERS AND REPRODUCERS, TELEVISION IMAGE AND SOUND RECORDERS AND REPRODUCERS,AND PARTS.",2013,10297.5
"ELECTRICAL MACHINERY AND EQUIPMENT AND PARTS THEREOF; SOUND RECORDERS AND REPRODUCERS, TELEVISION IMAGE AND SOUND RECORDERS AND REPRODUCERS,AND PARTS.",2014,8695.71000000001
"ELECTRICAL MACHINERY AND EQUIPMENT AND PARTS THEREOF; SOUND RECORDERS AND REPRODUCERS, TELEVISION IMAGE AND SOUND RECORDERS AND REPRODUCERS,AND PARTS.",2015,8012.96
"ELECTRICAL MACHINERY AND EQUIPMENT AND PARTS THEREOF; SOUND RECORDERS AND REPRODUCERS, TELEVISION IMAGE AND SOUND RECORDERS AND REPRODUCERS,AND PARTS.",2016,8230.98
"ELECTRICAL MACHINERY AND EQUIPMENT AND PARTS THEREOF; SOUND RECORDERS AND REPRODUCERS, TELEVISION IMAGE AND SOUND RECORDERS AND REPRODUCERS,AND PARTS.",2017,9323.3
"ELECTRICAL MACHINERY AND EQUIPMENT AND PARTS THEREOF; SOUND RECORDERS AND REPRODUCERS, TELEVISION IMAGE AND SOUND RECORDERS AND REPRODUCERS,AND PARTS.",2018,12726.63
"ESSENTIAL OILS AND RESINOIDS; PERFUMERY, COSMETIC OR TOILET PREPARATIONS.",2010,970.54
"ESSENTIAL OILS AND RESINOIDS; PERFUMERY, COSMETIC OR TOILET PREPARATIONS.",2011,1279.72
"ESSENTIAL OILS AND RESINOIDS; PERFUMERY, COSMETIC OR TOILET PREPARATIONS.",2012,1529.55
"ESSENTIAL OILS AND RESINOIDS; PERFUMERY, COSMETIC OR TOILET PREPARATIONS.",2013,1459.01
"ESSENTIAL OILS AND RESINOIDS; PERFUMERY, COSMETIC OR TOILET PREPARATIONS.",2014,1460.34
"ESSENTIAL OILS AND RESINOIDS; PERFUMERY, COSMETIC OR TOILET PREPARATIONS.",2015,1484.55
"ESSENTIAL OILS AND RESINOIDS; PERFUMERY, COSMETIC OR TOILET PREPARATIONS.",2016,1578.77
"ESSENTIAL OILS AND RESINOIDS; PERFUMERY, COSMETIC OR TOILET PREPARATIONS.",2017,1871.42
"ESSENTIAL OILS AND RESINOIDS; PERFUMERY, COSMETIC OR TOILET PREPARATIONS.",2018,2066.03
EXPLOSIVES; PYROTECHNIC PRODUCTS; MATCHES; PYROPHORIC ALLOYS; CERTAIN COMBUSTIBLE PREPARATIONS.,2010,76.04
EXPLOSIVES; PYROTECHNIC PRODUCTS; MATCHES; PYROPHORIC ALLOYS; CERTAIN COMBUSTIBLE PREPARATIONS.,2011,76.51
EXPLOSIVES; PYROTECHNIC PRODUCTS; MATCHES; PYROPHORIC ALLOYS; CERTAIN COMBUSTIBLE PREPARATIONS.,2012,89.72
EXPLOSIVES; PYROTECHNIC PRODUCTS; MATCHES; PYROPHORIC ALLOYS; CERTAIN COMBUSTIBLE PREPARATIONS.,2013,93.03
EXPLOSIVES; PYROTECHNIC PRODUCTS; MATCHES; PYROPHORIC ALLOYS; CERTAIN COMBUSTIBLE PREPARATIONS.,2014,84.69
EXPLOSIVES; PYROTECHNIC PRODUCTS; MATCHES; PYROPHORIC ALLOYS; CERTAIN COMBUSTIBLE PREPARATIONS.,2015,81.96
EXPLOSIVES; PYROTECHNIC PRODUCTS; MATCHES; PYROPHORIC ALLOYS; CERTAIN COMBUSTIBLE PREPARATIONS.,2016,101.78
EXPLOSIVES; PYROTECHNIC PRODUCTS; MATCHES; PYROPHORIC ALLOYS; CERTAIN COMBUSTIBLE PREPARATIONS.,2017,110.86
EXPLOSIVES; PYROTECHNIC PRODUCTS; MATCHES; PYROPHORIC ALLOYS; CERTAIN COMBUSTIBLE PREPARATIONS.,2018,120.64
FERTILISERS.,2010,52.0
FERTILISERS.,2011,82.76
FERTILISERS.,2012,88.13
FERTILISERS.,2013,81.64
FERTILISERS.,2014,90.21
FERTILISERS.,2015,102.44
FERTILISERS.,2016,69.33
FERTILISERS.,2017,106.33
FERTILISERS.,2018,147.92
"FISH AND CRUSTACEANS, MOLLUSCS AND OTHER AQUATIC INVERTABRATES.",2010,2320.94
"FISH AND CRUSTACEANS, MOLLUSCS AND OTHER AQUATIC INVERTABRATES.",2011,3286.27
"FISH AND CRUSTACEANS, MOLLUSCS AND OTHER AQUATIC INVERTABRATES.",2012,3322.65
"FISH AND CRUSTACEANS, MOLLUSCS AND OTHER AQUATIC INVERTABRATES.",2013,4822.93
"FISH AND CRUSTACEANS, MOLLUSCS AND OTHER AQUATIC INVERTABRATES.",2014,5249.45
"FISH AND CRUSTACEANS, MOLLUSCS AND OTHER AQUATIC INVERTABRATES.",2015,4486.23
"FISH AND CRUSTACEANS, MOLLUSCS AND OTHER AQUATIC INVERTABRATES.",2016,5500.97
"FISH AND CRUSTACEANS, MOLLUSCS AND OTHER AQUATIC INVERTABRATES.",2017,6850.79
"FISH AND CRUSTACEANS, MOLLUSCS AND OTHER AQUATIC INVERTABRATES.",2018,6256.82
"FOOTWEAR, GAITERS AND THE LIKE; PARTS OF SUCH ARTICLES.",2010,1757.27
"FOOTWEAR, GAITERS AND THE LIKE; PARTS OF SUCH ARTICLES.",2011,2086.82
"FOOTWEAR, GAITERS AND THE LIKE; PARTS OF SUCH ARTICLES.",2012,2063.27
"FOOTWEAR, GAITERS AND THE LIKE; PARTS OF SUCH ARTICLES.",2013,2546.99
"FOOTWEAR, GAITERS AND THE LIKE; PARTS OF SUCH ARTICLES.",2014,2948.02
"FOOTWEAR, GAITERS AND THE LIKE; PARTS OF SUCH ARTICLES.",2015,2741.5
"FOOTWEAR, GAITERS AND THE LIKE; PARTS OF SUCH ARTICLES.",2016,2764.97
"FOOTWEAR, GAITERS AND THE LIKE; PARTS OF SUCH ARTICLES.",2017,2826.88
"FOOTWEAR, GAITERS AND THE LIKE; PARTS OF SUCH ARTICLES.",2018,2907.8
"FURNITURE; BEDDING, MATTRESSES, MATTRESS SUPPORTS, CUSHIONS AND SIMILAR STUFFED FURNISHING; LAMPS AND LIGHTING FITTINGS NOT ELSEWHERE SPECIFIED OR INC",2010,805.15
"FURNITURE; BEDDING, MATTRESSES, MATTRESS SUPPORTS, CUSHIONS AND SIMILAR STUFFED FURNISHING; LAMPS AND LIGHTING FITTINGS NOT ELSEWHERE SPECIFIED OR INC",2011,903.83
"FURNITURE; BEDDING, MATTRESSES, MATTRESS SUPPORTS, CUSHIONS AND SIMILAR STUFFED FURNISHING; LAMPS AND LIGHTING FITTINGS NOT ELSEWHERE SPECIFIED OR INC",2012,974.21
"FURNITURE; BEDDING, MATTRESSES, MATTRESS SUPPORTS, CUSHIONS AND SIMILAR STUFFED FURNISHING; LAMPS AND LIGHTING FITTINGS NOT ELSEWHERE SPECIFIED OR INC",2013,1095.28
"FURNITURE; BEDDING, MATTRESSES, MATTRESS SUPPORTS, CUSHIONS AND SIMILAR STUFFED FURNISHING; LAMPS AND LIGHTING FITTINGS NOT ELSEWHERE SPECIFIED OR INC",2014,1175.63
"FURNITURE; BEDDING, MATTRESSES, MATTRESS SUPPORTS, CUSHIONS AND SIMILAR STUFFED FURNISHING; LAMPS AND LIGHTING FITTINGS NOT ELSEWHERE SPECIFIED OR INC",2015,1264.92
"FURNITURE; BEDDING, MATTRESSES, MATTRESS SUPPORTS, CUSHIONS AND SIMILAR STUFFED FURNISHING; LAMPS AND LIGHTING FITTINGS NOT ELSEWHERE SPECIFIED OR INC",2016,1311.52
"FURNITURE; BEDDING, MATTRESSES, MATTRESS SUPPORTS, CUSHIONS AND SIMILAR STUFFED FURNISHING; LAMPS AND LIGHTING FITTINGS NOT ELSEWHERE SPECIFIED OR INC",2017,1496.26
"FURNITURE; BEDDING, MATTRESSES, MATTRESS SUPPORTS, CUSHIONS AND SIMILAR STUFFED FURNISHING; LAMPS AND LIGHTING FITTINGS NOT ELSEWHERE SPECIFIED OR INC",2018,1709.97
"FURSKINS AND ARTIFICIAL FUR, MANUFACTURES THEREOF.",2010,0.16
"FURSKINS AND ARTIFICIAL FUR, MANUFACTURES THEREOF.",2011,1.63
"FURSKINS AND ARTIFICIAL FUR, MANUFACTURES THEREOF.",2012,0.24
"FURSKINS AND ARTIFICIAL FUR, MANUFACTURES THEREOF.",2013,0.88
"FURSKINS AND ARTIFICIAL FUR, MANUFACTURES THEREOF.",2014,2.32
"FURSKINS AND ARTIFICIAL FUR, MANUFACTURES THEREOF.",2015,4.98
"FURSKINS AND ARTIFICIAL FUR, MANUFACTURES THEREOF.",2016,11.77
"FURSKINS AND ARTIFICIAL FUR, MANUFACTURES THEREOF.",2017,11.91
"FURSKINS AND ARTIFICIAL FUR, MANUFACTURES THEREOF.",2018,12.93
GLASS AND GLASSWARE.,2010,406.17
GLASS AND GLASSWARE.,2011,534.28
GLASS AND GLASSWARE.,2012,588.16
GLASS AND GLASSWARE.,2013,638.77
GLASS AND GLASSWARE.,2014,701.65
GLASS AND GLASSWARE.,2015,703.6
GLASS AND GLASSWARE.,2016,654.82
GLASS AND GLASSWARE.,2017,719.26
GLASS AND GLASSWARE.,2018,949.11
HEADGEAR AND PARTS THEREOF.,2010,22.31
HEADGEAR AND PARTS THEREOF.,2011,28.34
HEADGEAR AND PARTS THEREOF.,2012,42.84
HEADGEAR AND PARTS THEREOF.,2013,42.2
HEADGEAR AND PARTS THEREOF.,2014,44.0
HEADGEAR AND PARTS THEREOF.,2015,38.08
HEADGEAR AND PARTS THEREOF.,2016,39.56
HEADGEAR AND PARTS THEREOF.,2017,41.07
HEADGEAR AND PARTS THEREOF.,2018,45.68
"IMPREGNATED, COATED, COVERED OR LAMINATED TEXTILE FABRICS; TEXTILE ARTICLES OF A KIND SUITABLE FOR INDUSTRIAL USE.",2010,125.91
"IMPREGNATED, COATED, COVERED OR LAMINATED TEXTILE FABRICS; TEXTILE ARTICLES OF A KIND SUITABLE FOR INDUSTRIAL USE.",2011,165.43
"IMPREGNATED, COATED, COVERED OR LAMINATED TEXTILE FABRICS; TEXTILE ARTICLES OF A KIND SUITABLE FOR INDUSTRIAL USE.",2012,190.42
"IMPREGNATED, COATED, COVERED OR LAMINATED TEXTILE FABRICS; TEXTILE ARTICLES OF A KIND SUITABLE FOR INDUSTRIAL USE.",2013,269.42
"IMPREGNATED, COATED, COVERED OR LAMINATED TEXTILE FABRICS; TEXTILE ARTICLES OF A KIND SUITABLE FOR INDUSTRIAL USE.",2014,365.59
"IMPREGNATED, COATED, COVERED OR LAMINATED TEXTILE FABRICS; TEXTILE ARTICLES OF A KIND SUITABLE FOR INDUSTRIAL USE.",2015,202.26
"IMPREGNATED, COATED, COVERED OR LAMINATED TEXTILE FABRICS; TEXTILE ARTICLES OF A KIND SUITABLE FOR INDUSTRIAL USE.",2016,211.07
"IMPREGNATED, COATED, COVERED OR LAMINATED TEXTILE FABRICS; TEXTILE ARTICLES OF A KIND SUITABLE FOR INDUSTRIAL USE.",2017,233.61
"IMPREGNATED, COATED, COVERED OR LAMINATED TEXTILE FABRICS; TEXTILE ARTICLES OF A KIND SUITABLE FOR INDUSTRIAL USE.",2018,258.3
"INORGANIC CHEMICALS; ORGANIC OR INORGANIC COMPOUNDS OF PRECIOUS METALS, OF RARE-EARTH METALS, OR RADI. ELEM. OR OF ISOTOPES.",2010,1846.75
"INORGANIC CHEMICALS; ORGANIC OR INORGANIC COMPOUNDS OF PRECIOUS METALS, OF RARE-EARTH METALS, OR RADI. ELEM. OR OF ISOTOPES.",2011,1798.37
"INORGANIC CHEMICALS; ORGANIC OR INORGANIC COMPOUNDS OF PRECIOUS METALS, OF RARE-EARTH METALS, OR RADI. ELEM. OR OF ISOTOPES.",2012,1318.42
"INORGANIC CHEMICALS; ORGANIC OR INORGANIC COMPOUNDS OF PRECIOUS METALS, OF RARE-EARTH METALS, OR RADI. ELEM. OR OF ISOTOPES.",2013,1363.8
"INORGANIC CHEMICALS; ORGANIC OR INORGANIC COMPOUNDS OF PRECIOUS METALS, OF RARE-EARTH METALS, OR RADI. ELEM. OR OF ISOTOPES.",2014,1429.65
"INORGANIC CHEMICALS; ORGANIC OR INORGANIC COMPOUNDS OF PRECIOUS METALS, OF RARE-EARTH METALS, OR RADI. ELEM. OR OF ISOTOPES.",2015,1206.98
"INORGANIC CHEMICALS; ORGANIC OR INORGANIC COMPOUNDS OF PRECIOUS METALS, OF RARE-EARTH METALS, OR RADI. ELEM. OR OF ISOTOPES.",2016,1363.18
"INORGANIC CHEMICALS; ORGANIC OR INORGANIC COMPOUNDS OF PRECIOUS METALS, OF RARE-EARTH METALS, OR RADI. ELEM. OR OF ISOTOPES.",2017,1733.24
"INORGANIC CHEMICALS; ORGANIC OR INORGANIC COMPOUNDS OF PRECIOUS METALS, OF RARE-EARTH METALS, OR RADI. ELEM. OR OF ISOTOPES.",2018,2011.31
IRON AND STEEL,2010,7138.92
IRON AND STEEL,2011,8301.67
IRON AND STEEL,2012,8089.22
IRON AND STEEL,2013,9223.09
IRON AND STEEL,2014,8684.04
IRON AND STEEL,2015,5492.2
IRON AND STEEL,2016,8682.82
IRON AND STEEL,2017,11244.33
IRON AND STEEL,2018,9741.67
KNITTED OR CROCHETED FABRICS.,2010,197.6
KNITTED OR CROCHETED FABRICS.,2011,221.21
KNITTED OR CROCHETED FABRICS.,2012,218.24
KNITTED OR CROCHETED FABRICS.,2013,242.07
KNITTED OR CROCHETED FABRICS.,2014,256.81
KNITTED OR CROCHETED FABRICS.,2015,241.8
KNITTED OR CROCHETED FABRICS.,2016,284.44
KNITTED OR CROCHETED FABRICS.,2017,342.9
KNITTED OR CROCHETED FABRICS.,2018,440.17
"LAC; GUMS, RESINS AND OTHER VEGETABLE SAPS AND EXTRACTS.",2010,853.27
"LAC; GUMS, RESINS AND OTHER VEGETABLE SAPS AND EXTRACTS.",2011,3679.64
"LAC; GUMS, RESINS AND OTHER VEGETABLE SAPS AND EXTRACTS.",2012,4321.26
"LAC; GUMS, RESINS AND OTHER VEGETABLE SAPS AND EXTRACTS.",2013,2414.8
"LAC; GUMS, RESINS AND OTHER VEGETABLE SAPS AND EXTRACTS.",2014,1947.44
"LAC; GUMS, RESINS AND OTHER VEGETABLE SAPS AND EXTRACTS.",2015,868.86
"LAC; GUMS, RESINS AND OTHER VEGETABLE SAPS AND EXTRACTS.",2016,844.38
"LAC; GUMS, RESINS AND OTHER VEGETABLE SAPS AND EXTRACTS.",2017,1018.92
"LAC; GUMS, RESINS AND OTHER VEGETABLE SAPS AND EXTRACTS.",2018,1056.87
LEAD AND ARTICLES THEREOF.,2010,113.42
LEAD AND ARTICLES THEREOF.,2011,188.52
LEAD AND ARTICLES THEREOF.,2012,116.74
LEAD AND ARTICLES THEREOF.,2013,194.69
LEAD AND ARTICLES THEREOF.,2014,173.2
LEAD AND ARTICLES THEREOF.,2015,181.53
LEAD AND ARTICLES THEREOF.,2016,236.87
LEAD AND ARTICLES THEREOF.,2017,396.64
LEAD AND ARTICLES THEREOF.,2018,402.84
LIVE ANIMALS.,2010,12.24
LIVE ANIMALS.,2011,12.88
LIVE ANIMALS.,2012,10.56
LIVE ANIMALS.,2013,11.35
LIVE ANIMALS.,2014,12.71
LIVE ANIMALS.,2015,70.73
LIVE ANIMALS.,2016,78.73
LIVE ANIMALS.,2017,63.85
LIVE ANIMALS.,2018,42.94
LIVE TREES AND OTHER PLANTS; BULBS; ROOTS AND THE LIKE; CUT FLOWERS AND ORNAMENTAL FOLIAGE.,2010,64.82
LIVE TREES AND OTHER PLANTS; BULBS; ROOTS AND THE LIKE; CUT FLOWERS AND ORNAMENTAL FOLIAGE.,2011,76.49
LIVE TREES AND OTHER PLANTS; BULBS; ROOTS AND THE LIKE; CUT FLOWERS AND ORNAMENTAL FOLIAGE.,2012,77.8
LIVE TREES AND OTHER PLANTS; BULBS; ROOTS AND THE LIKE; CUT FLOWERS AND ORNAMENTAL FOLIAGE.,2013,75.31
LIVE TREES AND OTHER PLANTS; BULBS; ROOTS AND THE LIKE; CUT FLOWERS AND ORNAMENTAL FOLIAGE.,2014,75.37
LIVE TREES AND OTHER PLANTS; BULBS; ROOTS AND THE LIKE; CUT FLOWERS AND ORNAMENTAL FOLIAGE.,2015,73.8
LIVE TREES AND OTHER PLANTS; BULBS; ROOTS AND THE LIKE; CUT FLOWERS AND ORNAMENTAL FOLIAGE.,2016,81.56
LIVE TREES AND OTHER PLANTS; BULBS; ROOTS AND THE LIKE; CUT FLOWERS AND ORNAMENTAL FOLIAGE.,2017,78.73
LIVE TREES AND OTHER PLANTS; BULBS; ROOTS AND THE LIKE; CUT FLOWERS AND ORNAMENTAL FOLIAGE.,2018,81.7
MAN-MADE FILAMENTS.,2010,2300.48
MAN-MADE FILAMENTS.,2011,2614.25
MAN-MADE FILAMENTS.,2012,2226.84
MAN-MADE FILAMENTS.,2013,2570.09
MAN-MADE FILAMENTS.,2014,2392.05
MAN-MADE FILAMENTS.,2015,2059.11
MAN-MADE FILAMENTS.,2016,1988.16
MAN-MADE FILAMENTS.,2017,2169.6
MAN-MADE FILAMENTS.,2018,2291.48
MAN-MADE STAPLE FIBRES.,2010,1815.71
MAN-MADE STAPLE FIBRES.,2011,2209.84
MAN-MADE STAPLE FIBRES.,2012,1941.43
MAN-MADE STAPLE FIBRES.,2013,2083.31
MAN-MADE STAPLE FIBRES.,2014,2179.27
MAN-MADE STAPLE FIBRES.,2015,2081.19
MAN-MADE STAPLE FIBRES.,2016,2142.95
MAN-MADE STAPLE FIBRES.,2017,2049.2
MAN-MADE STAPLE FIBRES.,2018,1905.0
"MANUFACTURES OF STRAW, OF ESPARTO OR OF OTHER PLAITING MATERIALS; BASKETWARE AND WICKERWORK.",2010,1.99
"MANUFACTURES OF STRAW, OF ESPARTO OR OF OTHER PLAITING MATERIALS; BASKETWARE AND WICKERWORK.",2011,1.37
"MANUFACTURES OF STRAW, OF ESPARTO OR OF OTHER PLAITING MATERIALS; BASKETWARE AND WICKERWORK.",2012,2.17
"MANUFACTURES OF STRAW, OF ESPARTO OR OF OTHER PLAITING MATERIALS; BASKETWARE AND WICKERWORK.",2013,2.72
"MANUFACTURES OF STRAW, OF ESPARTO OR OF OTHER PLAITING MATERIALS; BASKETWARE AND WICKERWORK.",2014,4.48
"MANUFACTURES OF STRAW, OF ESPARTO OR OF OTHER PLAITING MATERIALS; BASKETWARE AND WICKERWORK.",2015,7.43
"MANUFACTURES OF STRAW, OF ESPARTO OR OF OTHER PLAITING MATERIALS; BASKETWARE AND WICKERWORK.",2016,9.84
"MANUFACTURES OF STRAW, OF ESPARTO OR OF OTHER PLAITING MATERIALS; BASKETWARE AND WICKERWORK.",2017,24.42
"MANUFACTURES OF STRAW, OF ESPARTO OR OF OTHER PLAITING MATERIALS; BASKETWARE AND WICKERWORK.",2018,39.97
MEAT AND EDIBLE MEAT OFFAL.,2010,1960.7
MEAT AND EDIBLE MEAT OFFAL.,2011,2913.59
MEAT AND EDIBLE MEAT OFFAL.,2012,3286.88
MEAT AND EDIBLE MEAT OFFAL.,2013,4475.53
MEAT AND EDIBLE MEAT OFFAL.,2014,4929.23
MEAT AND EDIBLE MEAT OFFAL.,2015,4209.97
MEAT AND EDIBLE MEAT OFFAL.,2016,4037.57
MEAT AND EDIBLE MEAT OFFAL.,2017,4174.58
MEAT AND EDIBLE MEAT OFFAL.,2018,3722.46
"MINERAL FUELS, MINERAL OILS AND PRODUCTS OF THEIR DISTILLATION; BITUMINOUS SUBSTANCES; MINERAL WAXES.",2010,42735.86
"MINERAL FUELS, MINERAL OILS AND PRODUCTS OF THEIR DISTILLATION; BITUMINOUS SUBSTANCES; MINERAL WAXES.",2011,57391.8
"MINERAL FUELS, MINERAL OILS AND PRODUCTS OF THEIR DISTILLATION; BITUMINOUS SUBSTANCES; MINERAL WAXES.",2012,62105.38
"MINERAL FUELS, MINERAL OILS AND PRODUCTS OF THEIR DISTILLATION; BITUMINOUS SUBSTANCES; MINERAL WAXES.",2013,64685.28
"MINERAL FUELS, MINERAL OILS AND PRODUCTS OF THEIR DISTILLATION; BITUMINOUS SUBSTANCES; MINERAL WAXES.",2014,57619.94
"MINERAL FUELS, MINERAL OILS AND PRODUCTS OF THEIR DISTILLATION; BITUMINOUS SUBSTANCES; MINERAL WAXES.",2015,31231.47
"MINERAL FUELS, MINERAL OILS AND PRODUCTS OF THEIR DISTILLATION; BITUMINOUS SUBSTANCES; MINERAL WAXES.",2016,32435.54
"MINERAL FUELS, MINERAL OILS AND PRODUCTS OF THEIR DISTILLATION; BITUMINOUS SUBSTANCES; MINERAL WAXES.",2017,38469.31
"MINERAL FUELS, MINERAL OILS AND PRODUCTS OF THEIR DISTILLATION; BITUMINOUS SUBSTANCES; MINERAL WAXES.",2018,47920.23
MISCELLANEOUS ARTICLES OF BASE METAL.,2010,388.41
MISCELLANEOUS ARTICLES OF BASE METAL.,2011,440.89
MISCELLANEOUS ARTICLES OF BASE METAL.,2012,439.39
MISCELLANEOUS ARTICLES OF BASE METAL.,2013,470.81
MISCELLANEOUS ARTICLES OF BASE METAL.,2014,559.44
MISCELLANEOUS ARTICLES OF BASE METAL.,2015,503.73
MISCELLANEOUS ARTICLES OF BASE METAL.,2016,525.16
MISCELLANEOUS ARTICLES OF BASE METAL.,2017,583.69
MISCELLANEOUS ARTICLES OF BASE METAL.,2018,636.32
MISCELLANEOUS CHEMICAL PRODUCTS.,2010,2069.91
MISCELLANEOUS CHEMICAL PRODUCTS.,2011,2591.75
MISCELLANEOUS CHEMICAL PRODUCTS.,2012,2855.49
MISCELLANEOUS CHEMICAL PRODUCTS.,2013,3088.33
MISCELLANEOUS CHEMICAL PRODUCTS.,2014,3177.02
MISCELLANEOUS CHEMICAL PRODUCTS.,2015,3060.93
MISCELLANEOUS CHEMICAL PRODUCTS.,2016,3248.83
MISCELLANEOUS CHEMICAL PRODUCTS.,2017,3890.26
MISCELLANEOUS CHEMICAL PRODUCTS.,2018,4625.59
MISCELLANEOUS EDIBLE PREPARATIONS.,2010,341.95
MISCELLANEOUS EDIBLE PREPARATIONS.,2011,461.96
MISCELLANEOUS EDIBLE PREPARATIONS.,2012,508.93
MISCELLANEOUS EDIBLE PREPARATIONS.,2013,540.04
MISCELLANEOUS EDIBLE PREPARATIONS.,2014,587.41
MISCELLANEOUS EDIBLE PREPARATIONS.,2015,568.8
MISCELLANEOUS EDIBLE PREPARATIONS.,2016,628.1
MISCELLANEOUS EDIBLE PREPARATIONS.,2017,725.79
MISCELLANEOUS EDIBLE PREPARATIONS.,2018,770.09
MISCELLANEOUS GOODS.,2010,11823.75
MISCELLANEOUS GOODS.,2011,11818.97
MISCELLANEOUS GOODS.,2012,4438.18
MISCELLANEOUS GOODS.,2013,3688.16
MISCELLANEOUS GOODS.,2014,958.74
MISCELLANEOUS GOODS.,2015,499.31
MISCELLANEOUS GOODS.,2016,389.5
MISCELLANEOUS GOODS.,2017,52.82
MISCELLANEOUS GOODS.,2018,149.8
MISCELLANEOUS MANUFACTURED ARTICLES.,2010,332.89
MISCELLANEOUS MANUFACTURED ARTICLES.,2011,395.77
MISCELLANEOUS MANUFACTURED ARTICLES.,2012,449.14
MISCELLANEOUS MANUFACTURED ARTICLES.,2013,483.92
MISCELLANEOUS MANUFACTURED ARTICLES.,2014,529.72
MISCELLANEOUS MANUFACTURED ARTICLES.,2015,549.34
MISCELLANEOUS MANUFACTURED ARTICLES.,2016,554.57
MISCELLANEOUS MANUFACTURED ARTICLES.,2017,552.58
MISCELLANEOUS MANUFACTURED ARTICLES.,2018,618.01
MUSICAL INSTRUMENTS; PARTS AND ACCESSORIES OF SUCH ARTICLES.,2010,15.15
MUSICAL INSTRUMENTS; PARTS AND ACCESSORIES OF SUCH ARTICLES.,2011,18.44
MUSICAL INSTRUMENTS; PARTS AND ACCESSORIES OF SUCH ARTICLES.,2012,18.34
MUSICAL INSTRUMENTS; PARTS AND ACCESSORIES OF SUCH ARTICLES.,2013,15.21
MUSICAL INSTRUMENTS; PARTS AND ACCESSORIES OF SUCH ARTICLES.,2014,16.2
MUSICAL INSTRUMENTS; PARTS AND ACCESSORIES OF SUCH ARTICLES.,2015,14.91
MUSICAL INSTRUMENTS; PARTS AND ACCESSORIES OF SUCH ARTICLES.,2016,14.18
MUSICAL INSTRUMENTS; PARTS AND ACCESSORIES OF SUCH ARTICLES.,2017,17.87
MUSICAL INSTRUMENTS; PARTS AND ACCESSORIES OF SUCH ARTICLES.,2018,19.82
"NATURAL OR CULTURED PEARLS,PRECIOUS OR SEMIPRECIOUS STONES,PRE.METALS,CLAD WITH PRE.METAL AND ARTCLS THEREOF;IMIT.JEWLRY;COIN.",2010,43684.89
"NATURAL OR CULTURED PEARLS,PRECIOUS OR SEMIPRECIOUS STONES,PRE.METALS,CLAD WITH PRE.METAL AND ARTCLS THEREOF;IMIT.JEWLRY;COIN.",2011,47277.76
"NATURAL OR CULTURED PEARLS,PRECIOUS OR SEMIPRECIOUS STONES,PRE.METALS,CLAD WITH PRE.METAL AND ARTCLS THEREOF;IMIT.JEWLRY;COIN.",2012,43768.29
"NATURAL OR CULTURED PEARLS,PRECIOUS OR SEMIPRECIOUS STONES,PRE.METALS,CLAD WITH PRE.METAL AND ARTCLS THEREOF;IMIT.JEWLRY;COIN.",2013,41692.1
"NATURAL OR CULTURED PEARLS,PRECIOUS OR SEMIPRECIOUS STONES,PRE.METALS,CLAD WITH PRE.METAL AND ARTCLS THEREOF;IMIT.JEWLRY;COIN.",2014,41549.59
"NATURAL OR CULTURED PEARLS,PRECIOUS OR SEMIPRECIOUS STONES,PRE.METALS,CLAD WITH PRE.METAL AND ARTCLS THEREOF;IMIT.JEWLRY;COIN.",2015,39553.82
"NATURAL OR CULTURED PEARLS,PRECIOUS OR SEMIPRECIOUS STONES,PRE.METALS,CLAD WITH PRE.METAL AND ARTCLS THEREOF;IMIT.JEWLRY;COIN.",2016,43623.03
"NATURAL OR CULTURED PEARLS,PRECIOUS OR SEMIPRECIOUS STONES,PRE.METALS,CLAD WITH PRE.METAL AND ARTCLS THEREOF;IMIT.JEWLRY;COIN.",2017,41743.33
"NATURAL OR CULTURED PEARLS,PRECIOUS OR SEMIPRECIOUS STONES,PRE.METALS,CLAD WITH PRE.METAL AND ARTCLS THEREOF;IMIT.JEWLRY;COIN.",2018,40449.05
NICKEL AND ARTICLES THEREOF.,2010,32.88
NICKEL AND ARTICLES THEREOF.,2011,119.6
NICKEL AND ARTICLES THEREOF.,2012,419.83
NICKEL AND ARTICLES THEREOF.,2013,437.11
NICKEL AND ARTICLES THEREOF.,2014,896.02
NICKEL AND ARTICLES THEREOF.,2015,492.3
NICKEL AND ARTICLES THEREOF.,2016,90.92
NICKEL AND ARTICLES THEREOF.,2017,42.33
NICKEL AND ARTICLES THEREOF.,2018,66.49
"NUCLEAR REACTORS, BOILERS, MACHINERY AND MECHANICAL APPLIANCES; PARTS THEREOF.",2010,9097.18
"NUCLEAR REACTORS, BOILERS, MACHINERY AND MECHANICAL APPLIANCES; PARTS THEREOF.",2011,10844.77
"NUCLEAR REACTORS, BOILERS, MACHINERY AND MECHANICAL APPLIANCES; PARTS THEREOF.",2012,11547.87
"NUCLEAR REACTORS, BOILERS, MACHINERY AND MECHANICAL APPLIANCES; PARTS THEREOF.",2013,12075.39
"NUCLEAR REACTORS, BOILERS, MACHINERY AND MECHANICAL APPLIANCES; PARTS THEREOF.",2014,13801.01
"NUCLEAR REACTORS, BOILERS, MACHINERY AND MECHANICAL APPLIANCES; PARTS THEREOF.",2015,13516.72
"NUCLEAR REACTORS, BOILERS, MACHINERY AND MECHANICAL APPLIANCES; PARTS THEREOF.",2016,14098.78
"NUCLEAR REACTORS, BOILERS, MACHINERY AND MECHANICAL APPLIANCES; PARTS THEREOF.",2017,17865.65
"NUCLEAR REACTORS, BOILERS, MACHINERY AND MECHANICAL APPLIANCES; PARTS THEREOF.",2018,20963.32
"OIL SEEDS AND OLEA. FRUITS; MISC. GRAINS, SEEDS AND FRUIT; INDUSTRIAL OR MEDICINAL PLANTS; STRAW AND FODDER.",2010,1243.79
"OIL SEEDS AND OLEA. FRUITS; MISC. GRAINS, SEEDS AND FRUIT; INDUSTRIAL OR MEDICINAL PLANTS; STRAW AND FODDER.",2011,2008.99
"OIL SEEDS AND OLEA. FRUITS; MISC. GRAINS, SEEDS AND FRUIT; INDUSTRIAL OR MEDICINAL PLANTS; STRAW AND FODDER.",2012,1727.95
"OIL SEEDS AND OLEA. FRUITS; MISC. GRAINS, SEEDS AND FRUIT; INDUSTRIAL OR MEDICINAL PLANTS; STRAW AND FODDER.",2013,1709.3
"OIL SEEDS AND OLEA. FRUITS; MISC. GRAINS, SEEDS AND FRUIT; INDUSTRIAL OR MEDICINAL PLANTS; STRAW AND FODDER.",2014,2213.78
"OIL SEEDS AND OLEA. FRUITS; MISC. GRAINS, SEEDS AND FRUIT; INDUSTRIAL OR MEDICINAL PLANTS; STRAW AND FODDER.",2015,1673.41
"OIL SEEDS AND OLEA. FRUITS; MISC. GRAINS, SEEDS AND FRUIT; INDUSTRIAL OR MEDICINAL PLANTS; STRAW AND FODDER.",2016,1808.92
"OIL SEEDS AND OLEA. FRUITS; MISC. GRAINS, SEEDS AND FRUIT; INDUSTRIAL OR MEDICINAL PLANTS; STRAW AND FODDER.",2017,1647.09
"OIL SEEDS AND OLEA. FRUITS; MISC. GRAINS, SEEDS AND FRUIT; INDUSTRIAL OR MEDICINAL PLANTS; STRAW AND FODDER.",2018,1640.32
"OPTICAL, PHOTOGRAPHIC CINEMATOGRAPHIC MEASURING, CHECKING PRECISION, MEDICAL OR SURGICAL INST. AND APPARATUS PARTS AND ACCESSORIES THEREOF;",2010,1515.56
"OPTICAL, PHOTOGRAPHIC CINEMATOGRAPHIC MEASURING, CHECKING PRECISION, MEDICAL OR SURGICAL INST. AND APPARATUS PARTS AND ACCESSORIES THEREOF;",2011,1915.72
"OPTICAL, PHOTOGRAPHIC CINEMATOGRAPHIC MEASURING, CHECKING PRECISION, MEDICAL OR SURGICAL INST. AND APPARATUS PARTS AND ACCESSORIES THEREOF;",2012,2024.87
"OPTICAL, PHOTOGRAPHIC CINEMATOGRAPHIC MEASURING, CHECKING PRECISION, MEDICAL OR SURGICAL INST. AND APPARATUS PARTS AND ACCESSORIES THEREOF;",2013,2128.84
"OPTICAL, PHOTOGRAPHIC CINEMATOGRAPHIC MEASURING, CHECKING PRECISION, MEDICAL OR SURGICAL INST. AND APPARATUS PARTS AND ACCESSORIES THEREOF;",2014,2363.66
"OPTICAL, PHOTOGRAPHIC CINEMATOGRAPHIC MEASURING, CHECKING PRECISION, MEDICAL OR SURGICAL INST. AND APPARATUS PARTS AND ACCESSORIES THEREOF;",2015,2395.04
"OPTICAL, PHOTOGRAPHIC CINEMATOGRAPHIC MEASURING, CHECKING PRECISION, MEDICAL OR SURGICAL INST. AND APPARATUS PARTS AND ACCESSORIES THEREOF;",2016,2689.52
"OPTICAL, PHOTOGRAPHIC CINEMATOGRAPHIC MEASURING, CHECKING PRECISION, MEDICAL OR SURGICAL INST. AND APPARATUS PARTS AND ACCESSORIES THEREOF;",2017,2994.79
"OPTICAL, PHOTOGRAPHIC CINEMATOGRAPHIC MEASURING, CHECKING PRECISION, MEDICAL OR SURGICAL INST. AND APPARATUS PARTS AND ACCESSORIES THEREOF;",2018,3255.46
"ORES, SLAG AND ASH.",2010,5256.34
"ORES, SLAG AND ASH.",2011,5425.46
"ORES, SLAG AND ASH.",2012,2383.44
"ORES, SLAG AND ASH.",2013,2201.46
"ORES, SLAG AND ASH.",2014,982.02
"ORES, SLAG AND ASH.",2015,689.48
"ORES, SLAG AND ASH.",2016,1896.35
"ORES, SLAG AND ASH.",2017,1796.72
"ORES, SLAG AND ASH.",2018,1839.39
ORGANIC CHEMICALS,2010,9019.48
ORGANIC CHEMICALS,2011,11692.64
ORGANIC CHEMICALS,2012,12106.48
ORGANIC CHEMICALS,2013,12016.39
ORGANIC CHEMICALS,2014,11948.05
ORGANIC CHEMICALS,2015,11503.93
ORGANIC CHEMICALS,2016,11687.68
ORGANIC CHEMICALS,2017,14795.8
ORGANIC CHEMICALS,2018,18238.53
OTHER BASE METALS; CERMETS; ARTICLES THEREOF.,2010,45.52
OTHER BASE METALS; CERMETS; ARTICLES THEREOF.,2011,70.86
OTHER BASE METALS; CERMETS; ARTICLES THEREOF.,2012,74.26
OTHER BASE METALS; CERMETS; ARTICLES THEREOF.,2013,69.88
OTHER BASE METALS; CERMETS; ARTICLES THEREOF.,2014,60.83
OTHER BASE METALS; CERMETS; ARTICLES THEREOF.,2015,42.33
OTHER BASE METALS; CERMETS; ARTICLES THEREOF.,2016,40.94
OTHER BASE METALS; CERMETS; ARTICLES THEREOF.,2017,56.17
OTHER BASE METALS; CERMETS; ARTICLES THEREOF.,2018,59.08
OTHER MADE UP TEXTILE ARTICLES; SETS; WORN CLOTHING AND WORN TEXTILE ARTICLES; RAGS,2010,3101.08
OTHER MADE UP TEXTILE ARTICLES; SETS; WORN CLOTHING AND WORN TEXTILE ARTICLES; RAGS,2011,3952.28
OTHER MADE UP TEXTILE ARTICLES; SETS; WORN CLOTHING AND WORN TEXTILE ARTICLES; RAGS,2012,4038.75
OTHER MADE UP TEXTILE ARTICLES; SETS; WORN CLOTHING AND WORN TEXTILE ARTICLES; RAGS,2013,4456.96
OTHER MADE UP TEXTILE ARTICLES; SETS; WORN CLOTHING AND WORN TEXTILE ARTICLES; RAGS,2014,4645.25
OTHER MADE UP TEXTILE ARTICLES; SETS; WORN CLOTHING AND WORN TEXTILE ARTICLES; RAGS,2015,4586.22
OTHER MADE UP TEXTILE ARTICLES; SETS; WORN CLOTHING AND WORN TEXTILE ARTICLES; RAGS,2016,4704.98
OTHER MADE UP TEXTILE ARTICLES; SETS; WORN CLOTHING AND WORN TEXTILE ARTICLES; RAGS,2017,5013.1
OTHER MADE UP TEXTILE ARTICLES; SETS; WORN CLOTHING AND WORN TEXTILE ARTICLES; RAGS,2018,5257.12
OTHER VEGETABLE TEXTILE FIBRES; PAPER YARN AND WOVEN FABRICS OF PAPER YARN.,2010,393.37
OTHER VEGETABLE TEXTILE FIBRES; PAPER YARN AND WOVEN FABRICS OF PAPER YARN.,2011,377.81
OTHER VEGETABLE TEXTILE FIBRES; PAPER YARN AND WOVEN FABRICS OF PAPER YARN.,2012,321.82
OTHER VEGETABLE TEXTILE FIBRES; PAPER YARN AND WOVEN FABRICS OF PAPER YARN.,2013,336.78
OTHER VEGETABLE TEXTILE FIBRES; PAPER YARN AND WOVEN FABRICS OF PAPER YARN.,2014,373.73
OTHER VEGETABLE TEXTILE FIBRES; PAPER YARN AND WOVEN FABRICS OF PAPER YARN.,2015,385.28
OTHER VEGETABLE TEXTILE FIBRES; PAPER YARN AND WOVEN FABRICS OF PAPER YARN.,2016,400.3
OTHER VEGETABLE TEXTILE FIBRES; PAPER YARN AND WOVEN FABRICS OF PAPER YARN.,2017,451.97
OTHER VEGETABLE TEXTILE FIBRES; PAPER YARN AND WOVEN FABRICS OF PAPER YARN.,2018,445.79
"PAPER AND PAPERBOARD; ARTICLES OF PAPER PULP, OF PAPER OR OF PAPERBOARD.",2010,836.59
"PAPER AND PAPERBOARD; ARTICLES OF PAPER PULP, OF PAPER OR OF PAPERBOARD.",2011,907.16
"PAPER AND PAPERBOARD; ARTICLES OF PAPER PULP, OF PAPER OR OF PAPERBOARD.",2012,969.62
"PAPER AND PAPERBOARD; ARTICLES OF PAPER PULP, OF PAPER OR OF PAPERBOARD.",2013,1046.35
"PAPER AND PAPERBOARD; ARTICLES OF PAPER PULP, OF PAPER OR OF PAPERBOARD.",2014,1151.13
"PAPER AND PAPERBOARD; ARTICLES OF PAPER PULP, OF PAPER OR OF PAPERBOARD.",2015,1145.14
"PAPER AND PAPERBOARD; ARTICLES OF PAPER PULP, OF PAPER OR OF PAPERBOARD.",2016,1171.47
"PAPER AND PAPERBOARD; ARTICLES OF PAPER PULP, OF PAPER OR OF PAPERBOARD.",2017,1429.77
"PAPER AND PAPERBOARD; ARTICLES OF PAPER PULP, OF PAPER OR OF PAPERBOARD.",2018,1989.98
PHARMACEUTICAL PRODUCTS,2010,6675.91
PHARMACEUTICAL PRODUCTS,2011,8482.96
PHARMACEUTICAL PRODUCTS,2012,10062.18
PHARMACEUTICAL PRODUCTS,2013,11139.94
PHARMACEUTICAL PRODUCTS,2014,11584.03
PHARMACEUTICAL PRODUCTS,2015,12909.47
PHARMACEUTICAL PRODUCTS,2016,12929.92
PHARMACEUTICAL PRODUCTS,2017,13254.89
PHARMACEUTICAL PRODUCTS,2018,14753.39
PHOTOGRAPHIC OR CINEMATOGRAPHIC GOODS.,2010,29.46
PHOTOGRAPHIC OR CINEMATOGRAPHIC GOODS.,2011,35.66
PHOTOGRAPHIC OR CINEMATOGRAPHIC GOODS.,2012,27.14
PHOTOGRAPHIC OR CINEMATOGRAPHIC GOODS.,2013,21.42
PHOTOGRAPHIC OR CINEMATOGRAPHIC GOODS.,2014,29.5
PHOTOGRAPHIC OR CINEMATOGRAPHIC GOODS.,2015,15.03
PHOTOGRAPHIC OR CINEMATOGRAPHIC GOODS.,2016,15.28
PHOTOGRAPHIC OR CINEMATOGRAPHIC GOODS.,2017,11.12
PHOTOGRAPHIC OR CINEMATOGRAPHIC GOODS.,2018,11.94
PLASTIC AND ARTICLES THEREOF.,2010,3987.26
PLASTIC AND ARTICLES THEREOF.,2011,5301.08
PLASTIC AND ARTICLES THEREOF.,2012,5149.6
PLASTIC AND ARTICLES THEREOF.,2013,5632.9
PLASTIC AND ARTICLES THEREOF.,2014,5080.89
PLASTIC AND ARTICLES THEREOF.,2015,5248.57
PLASTIC AND ARTICLES THEREOF.,2016,5293.59
PLASTIC AND ARTICLES THEREOF.,2017,6348.44
PLASTIC AND ARTICLES THEREOF.,2018,8014.3
"PREPARATIONS OF CEREALS, FLOUR, STARCH OR MILK; PASTRYCOOKS PRODUCTS.",2010,275.79
"PREPARATIONS OF CEREALS, FLOUR, STARCH OR MILK; PASTRYCOOKS PRODUCTS.",2011,390.27
"PREPARATIONS OF CEREALS, FLOUR, STARCH OR MILK; PASTRYCOOKS PRODUCTS.",2012,406.43
"PREPARATIONS OF CEREALS, FLOUR, STARCH OR MILK; PASTRYCOOKS PRODUCTS.",2013,463.26
"PREPARATIONS OF CEREALS, FLOUR, STARCH OR MILK; PASTRYCOOKS PRODUCTS.",2014,489.8
"PREPARATIONS OF CEREALS, FLOUR, STARCH OR MILK; PASTRYCOOKS PRODUCTS.",2015,506.15
"PREPARATIONS OF CEREALS, FLOUR, STARCH OR MILK; PASTRYCOOKS PRODUCTS.",2016,519.06
"PREPARATIONS OF CEREALS, FLOUR, STARCH OR MILK; PASTRYCOOKS PRODUCTS.",2017,538.35
"PREPARATIONS OF CEREALS, FLOUR, STARCH OR MILK; PASTRYCOOKS PRODUCTS.",2018,534.91
"PREPARATIONS OF MEAT, OF FISH OR OF CRUSTACEANS, MOLLUSCS OR OTHER AQUATIC INVERTEBRATES",2010,276.44
"PREPARATIONS OF MEAT, OF FISH OR OF CRUSTACEANS, MOLLUSCS OR OTHER AQUATIC INVERTEBRATES",2011,123.19
"PREPARATIONS OF MEAT, OF FISH OR OF CRUSTACEANS, MOLLUSCS OR OTHER AQUATIC INVERTEBRATES",2012,94.26
"PREPARATIONS OF MEAT, OF FISH OR OF CRUSTACEANS, MOLLUSCS OR OTHER AQUATIC INVERTEBRATES",2013,119.66
"PREPARATIONS OF MEAT, OF FISH OR OF CRUSTACEANS, MOLLUSCS OR OTHER AQUATIC INVERTEBRATES",2014,155.37
"PREPARATIONS OF MEAT, OF FISH OR OF CRUSTACEANS, MOLLUSCS OR OTHER AQUATIC INVERTEBRATES",2015,211.95
"PREPARATIONS OF MEAT, OF FISH OR OF CRUSTACEANS, MOLLUSCS OR OTHER AQUATIC INVERTEBRATES",2016,317.32
"PREPARATIONS OF MEAT, OF FISH OR OF CRUSTACEANS, MOLLUSCS OR OTHER AQUATIC INVERTEBRATES",2017,422.31
"PREPARATIONS OF MEAT, OF FISH OR OF CRUSTACEANS, MOLLUSCS OR OTHER AQUATIC INVERTEBRATES",2018,432.56
"PREPARATIONS OF VEGETABLES, FRUIT, NUTS OR OTHER PARTS OF PLANTS.",2010,267.94
"PREPARATIONS OF VEGETABLES, FRUIT, NUTS OR OTHER PARTS OF PLANTS.",2011,385.14
"PREPARATIONS OF VEGETABLES, FRUIT, NUTS OR OTHER PARTS OF PLANTS.",2012,383.82
"PREPARATIONS OF VEGETABLES, FRUIT, NUTS OR OTHER PARTS OF PLANTS.",2013,449.62
"PREPARATIONS OF VEGETABLES, FRUIT, NUTS OR OTHER PARTS OF PLANTS.",2014,504.66
"PREPARATIONS OF VEGETABLES, FRUIT, NUTS OR OTHER PARTS OF PLANTS.",2015,488.23
"PREPARATIONS OF VEGETABLES, FRUIT, NUTS OR OTHER PARTS OF PLANTS.",2016,493.7
"PREPARATIONS OF VEGETABLES, FRUIT, NUTS OR OTHER PARTS OF PLANTS.",2017,584.86
"PREPARATIONS OF VEGETABLES, FRUIT, NUTS OR OTHER PARTS OF PLANTS.",2018,588.44
PREPARED FEATHERS AND DOWN AND ARTICLES MADE OF FEATHERS OR OF DOWN; ARTIFICIAL FLOWERS; ARTICLES OF HUMAN HAIR.,2010,191.44
PREPARED FEATHERS AND DOWN AND ARTICLES MADE OF FEATHERS OR OF DOWN; ARTIFICIAL FLOWERS; ARTICLES OF HUMAN HAIR.,2011,281.66
PREPARED FEATHERS AND DOWN AND ARTICLES MADE OF FEATHERS OR OF DOWN; ARTIFICIAL FLOWERS; ARTICLES OF HUMAN HAIR.,2012,299.27
PREPARED FEATHERS AND DOWN AND ARTICLES MADE OF FEATHERS OR OF DOWN; ARTIFICIAL FLOWERS; ARTICLES OF HUMAN HAIR.,2013,315.67
PREPARED FEATHERS AND DOWN AND ARTICLES MADE OF FEATHERS OR OF DOWN; ARTIFICIAL FLOWERS; ARTICLES OF HUMAN HAIR.,2014,286.69
PREPARED FEATHERS AND DOWN AND ARTICLES MADE OF FEATHERS OR OF DOWN; ARTIFICIAL FLOWERS; ARTICLES OF HUMAN HAIR.,2015,252.11
PREPARED FEATHERS AND DOWN AND ARTICLES MADE OF FEATHERS OR OF DOWN; ARTIFICIAL FLOWERS; ARTICLES OF HUMAN HAIR.,2016,251.72
PREPARED FEATHERS AND DOWN AND ARTICLES MADE OF FEATHERS OR OF DOWN; ARTIFICIAL FLOWERS; ARTICLES OF HUMAN HAIR.,2017,233.01
PREPARED FEATHERS AND DOWN AND ARTICLES MADE OF FEATHERS OR OF DOWN; ARTIFICIAL FLOWERS; ARTICLES OF HUMAN HAIR.,2018,221.78
"PRINTED BOOKDS, NEWSPAPERS, PICTURES AND OTHER PRODUCTS OF THE PRINTING INDUSTRY; MANUSCRIPTS, TYPESCRIPTS AND PLANS.",2010,246.51
"PRINTED BOOKDS, NEWSPAPERS, PICTURES AND OTHER PRODUCTS OF THE PRINTING INDUSTRY; MANUSCRIPTS, TYPESCRIPTS AND PLANS.",2011,337.12
"PRINTED BOOKDS, NEWSPAPERS, PICTURES AND OTHER PRODUCTS OF THE PRINTING INDUSTRY; MANUSCRIPTS, TYPESCRIPTS AND PLANS.",2012,335.99
"PRINTED BOOKDS, NEWSPAPERS, PICTURES AND OTHER PRODUCTS OF THE PRINTING INDUSTRY; MANUSCRIPTS, TYPESCRIPTS AND PLANS.",2013,310.09
"PRINTED BOOKDS, NEWSPAPERS, PICTURES AND OTHER PRODUCTS OF THE PRINTING INDUSTRY; MANUSCRIPTS, TYPESCRIPTS AND PLANS.",2014,270.99
"PRINTED BOOKDS, NEWSPAPERS, PICTURES AND OTHER PRODUCTS OF THE PRINTING INDUSTRY; MANUSCRIPTS, TYPESCRIPTS AND PLANS.",2015,289.78
"PRINTED BOOKDS, NEWSPAPERS, PICTURES AND OTHER PRODUCTS OF THE PRINTING INDUSTRY; MANUSCRIPTS, TYPESCRIPTS AND PLANS.",2016,284.55
"PRINTED BOOKDS, NEWSPAPERS, PICTURES AND OTHER PRODUCTS OF THE PRINTING INDUSTRY; MANUSCRIPTS, TYPESCRIPTS AND PLANS.",2017,270.85
"PRINTED BOOKDS, NEWSPAPERS, PICTURES AND OTHER PRODUCTS OF THE PRINTING INDUSTRY; MANUSCRIPTS, TYPESCRIPTS AND PLANS.",2018,400.01
"PRODUCTS OF ANIMAL ORIGIN, NOT ELSEWHERE SPECIFIED OR INCLUDED.",2010,105.73
"PRODUCTS OF ANIMAL ORIGIN, NOT ELSEWHERE SPECIFIED OR INCLUDED.",2011,186.77
"PRODUCTS OF ANIMAL ORIGIN, NOT ELSEWHERE SPECIFIED OR INCLUDED.",2012,111.05
"PRODUCTS OF ANIMAL ORIGIN, NOT ELSEWHERE SPECIFIED OR INCLUDED.",2013,127.91
"PRODUCTS OF ANIMAL ORIGIN, NOT ELSEWHERE SPECIFIED OR INCLUDED.",2014,99.9
"PRODUCTS OF ANIMAL ORIGIN, NOT ELSEWHERE SPECIFIED OR INCLUDED.",2015,91.61
"PRODUCTS OF ANIMAL ORIGIN, NOT ELSEWHERE SPECIFIED OR INCLUDED.",2016,79.74
"PRODUCTS OF ANIMAL ORIGIN, NOT ELSEWHERE SPECIFIED OR INCLUDED.",2017,121.48
"PRODUCTS OF ANIMAL ORIGIN, NOT ELSEWHERE SPECIFIED OR INCLUDED.",2018,132.08
PRODUCTS OF THE MILLING INDUSTRY; MALT; STARCHES; INULIN; WHEAT GLUTEN.,2010,95.55
PRODUCTS OF THE MILLING INDUSTRY; MALT; STARCHES; INULIN; WHEAT GLUTEN.,2011,153.79
PRODUCTS OF THE MILLING INDUSTRY; MALT; STARCHES; INULIN; WHEAT GLUTEN.,2012,226.54
PRODUCTS OF THE MILLING INDUSTRY; MALT; STARCHES; INULIN; WHEAT GLUTEN.,2013,299.0
PRODUCTS OF THE MILLING INDUSTRY; MALT; STARCHES; INULIN; WHEAT GLUTEN.,2014,305.52
PRODUCTS OF THE MILLING INDUSTRY; MALT; STARCHES; INULIN; WHEAT GLUTEN.,2015,299.45
PRODUCTS OF THE MILLING INDUSTRY; MALT; STARCHES; INULIN; WHEAT GLUTEN.,2016,217.86
PRODUCTS OF THE MILLING INDUSTRY; MALT; STARCHES; INULIN; WHEAT GLUTEN.,2017,247.31
PRODUCTS OF THE MILLING INDUSTRY; MALT; STARCHES; INULIN; WHEAT GLUTEN.,2018,321.22
PROJECT GOODS; SOME SPECIAL USES.,2010,95.6
PROJECT GOODS; SOME SPECIAL USES.,2011,109.5
PROJECT GOODS; SOME SPECIAL USES.,2012,172.86
PROJECT GOODS; SOME SPECIAL USES.,2013,95.65
PROJECT GOODS; SOME SPECIAL USES.,2014,66.04
PROJECT GOODS; SOME SPECIAL USES.,2015,75.25
PROJECT GOODS; SOME SPECIAL USES.,2016,64.89
PROJECT GOODS; SOME SPECIAL USES.,2017,44.58
PROJECT GOODS; SOME SPECIAL USES.,2018,42.77
PULP OF WOOD OR OF OTHER FIBROUS CELLULOSIC MATERIAL; WASTE AND SCRAP OF PAPER OR PAPERBOARD.,2010,0.87
PULP OF WOOD OR OF OTHER FIBROUS CELLULOSIC MATERIAL; WASTE AND SCRAP OF PAPER OR PAPERBOARD.,2011,3.68
PULP OF WOOD OR OF OTHER FIBROUS CELLULOSIC MATERIAL; WASTE AND SCRAP OF PAPER OR PAPERBOARD.,2012,1.24
PULP OF WOOD OR OF OTHER FIBROUS CELLULOSIC MATERIAL; WASTE AND SCRAP OF PAPER OR PAPERBOARD.,2013,0.61
PULP OF WOOD OR OF OTHER FIBROUS CELLULOSIC MATERIAL; WASTE AND SCRAP OF PAPER OR PAPERBOARD.,2014,7.99
PULP OF WOOD OR OF OTHER FIBROUS CELLULOSIC MATERIAL; WASTE AND SCRAP OF PAPER OR PAPERBOARD.,2015,11.36
PULP OF WOOD OR OF OTHER FIBROUS CELLULOSIC MATERIAL; WASTE AND SCRAP OF PAPER OR PAPERBOARD.,2016,7.11
PULP OF WOOD OR OF OTHER FIBROUS CELLULOSIC MATERIAL; WASTE AND SCRAP OF PAPER OR PAPERBOARD.,2017,1.16
PULP OF WOOD OR OF OTHER FIBROUS CELLULOSIC MATERIAL; WASTE AND SCRAP OF PAPER OR PAPERBOARD.,2018,3.49
"RAILWAY OR TRAMWAY LOCOMOTIVES, ROLLING-STOCK AND PARTS THEREOF; RAILWAY OR TRAMWAY TRACK FIXTURES AND FITTINGS AND PARTS THEREOF; MECHANICAL",2010,108.82
"RAILWAY OR TRAMWAY LOCOMOTIVES, ROLLING-STOCK AND PARTS THEREOF; RAILWAY OR TRAMWAY TRACK FIXTURES AND FITTINGS AND PARTS THEREOF; MECHANICAL",2011,105.38
"RAILWAY OR TRAMWAY LOCOMOTIVES, ROLLING-STOCK AND PARTS THEREOF; RAILWAY OR TRAMWAY TRACK FIXTURES AND FITTINGS AND PARTS THEREOF; MECHANICAL",2012,142.37
"RAILWAY OR TRAMWAY LOCOMOTIVES, ROLLING-STOCK AND PARTS THEREOF; RAILWAY OR TRAMWAY TRACK FIXTURES AND FITTINGS AND PARTS THEREOF; MECHANICAL",2013,178.12
"RAILWAY OR TRAMWAY LOCOMOTIVES, ROLLING-STOCK AND PARTS THEREOF; RAILWAY OR TRAMWAY TRACK FIXTURES AND FITTINGS AND PARTS THEREOF; MECHANICAL",2014,135.32
"RAILWAY OR TRAMWAY LOCOMOTIVES, ROLLING-STOCK AND PARTS THEREOF; RAILWAY OR TRAMWAY TRACK FIXTURES AND FITTINGS AND PARTS THEREOF; MECHANICAL",2015,110.01
"RAILWAY OR TRAMWAY LOCOMOTIVES, ROLLING-STOCK AND PARTS THEREOF; RAILWAY OR TRAMWAY TRACK FIXTURES AND FITTINGS AND PARTS THEREOF; MECHANICAL",2016,231.9
"RAILWAY OR TRAMWAY LOCOMOTIVES, ROLLING-STOCK AND PARTS THEREOF; RAILWAY OR TRAMWAY TRACK FIXTURES AND FITTINGS AND PARTS THEREOF; MECHANICAL",2017,346.77
"RAILWAY OR TRAMWAY LOCOMOTIVES, ROLLING-STOCK AND PARTS THEREOF; RAILWAY OR TRAMWAY TRACK FIXTURES AND FITTINGS AND PARTS THEREOF; MECHANICAL",2018,502.65
RAW HIDES AND SKINS (OTHER THAN FURSKINS) AND LEATHER,2010,845.99
RAW HIDES AND SKINS (OTHER THAN FURSKINS) AND LEATHER,2011,1028.47
RAW HIDES AND SKINS (OTHER THAN FURSKINS) AND LEATHER,2012,1095.42
RAW HIDES AND SKINS (OTHER THAN FURSKINS) AND LEATHER,2013,1290.03
RAW HIDES AND SKINS (OTHER THAN FURSKINS) AND LEATHER,2014,1333.64
RAW HIDES AND SKINS (OTHER THAN FURSKINS) AND LEATHER,2015,1049.53
RAW HIDES AND SKINS (OTHER THAN FURSKINS) AND LEATHER,2016,887.35
RAW HIDES AND SKINS (OTHER THAN FURSKINS) AND LEATHER,2017,874.24
RAW HIDES AND SKINS (OTHER THAN FURSKINS) AND LEATHER,2018,723.69
RESIDUES AND WASTE FROM THE FOOD INDUSTRIES; PREPARED ANIMAL FODER.,2010,2519.64
RESIDUES AND WASTE FROM THE FOOD INDUSTRIES; PREPARED ANIMAL FODER.,2011,2526.47
RESIDUES AND WASTE FROM THE FOOD INDUSTRIES; PREPARED ANIMAL FODER.,2012,3235.84
RESIDUES AND WASTE FROM THE FOOD INDUSTRIES; PREPARED ANIMAL FODER.,2013,3047.67
RESIDUES AND WASTE FROM THE FOOD INDUSTRIES; PREPARED ANIMAL FODER.,2014,1630.08
RESIDUES AND WASTE FROM THE FOOD INDUSTRIES; PREPARED ANIMAL FODER.,2015,802.689999999999
RESIDUES AND WASTE FROM THE FOOD INDUSTRIES; PREPARED ANIMAL FODER.,2016,1110.74
RESIDUES AND WASTE FROM THE FOOD INDUSTRIES; PREPARED ANIMAL FODER.,2017,1459.59
RESIDUES AND WASTE FROM THE FOOD INDUSTRIES; PREPARED ANIMAL FODER.,2018,1915.09
RUBBER AND ARTICLES THEREOF.,2010,1888.87
RUBBER AND ARTICLES THEREOF.,2011,2643.68
RUBBER AND ARTICLES THEREOF.,2012,2773.36
RUBBER AND ARTICLES THEREOF.,2013,2678.75
RUBBER AND ARTICLES THEREOF.,2014,2725.88
RUBBER AND ARTICLES THEREOF.,2015,2369.03
RUBBER AND ARTICLES THEREOF.,2016,2492.83
RUBBER AND ARTICLES THEREOF.,2017,2961.41
RUBBER AND ARTICLES THEREOF.,2018,3206.28
"SALT; SULPHUR; EARTHS AND STONE; PLASTERING MATERIALS, LIME AND CEMENT.",2010,1272.14
"SALT; SULPHUR; EARTHS AND STONE; PLASTERING MATERIALS, LIME AND CEMENT.",2011,1595.88
"SALT; SULPHUR; EARTHS AND STONE; PLASTERING MATERIALS, LIME AND CEMENT.",2012,1829.8
"SALT; SULPHUR; EARTHS AND STONE; PLASTERING MATERIALS, LIME AND CEMENT.",2013,1960.56
"SALT; SULPHUR; EARTHS AND STONE; PLASTERING MATERIALS, LIME AND CEMENT.",2014,1962.53
"SALT; SULPHUR; EARTHS AND STONE; PLASTERING MATERIALS, LIME AND CEMENT.",2015,1852.11
"SALT; SULPHUR; EARTHS AND STONE; PLASTERING MATERIALS, LIME AND CEMENT.",2016,1926.35
"SALT; SULPHUR; EARTHS AND STONE; PLASTERING MATERIALS, LIME AND CEMENT.",2017,2220.7
"SALT; SULPHUR; EARTHS AND STONE; PLASTERING MATERIALS, LIME AND CEMENT.",2018,2233.52
"SHIPS, BOATS AND FLOATING STRUCTURES.",2010,4832.18
"SHIPS, BOATS AND FLOATING STRUCTURES.",2011,8095.69
"SHIPS, BOATS AND FLOATING STRUCTURES.",2012,3838.24
"SHIPS, BOATS AND FLOATING STRUCTURES.",2013,3724.77
"SHIPS, BOATS AND FLOATING STRUCTURES.",2014,5352.58
"SHIPS, BOATS AND FLOATING STRUCTURES.",2015,3984.57
"SHIPS, BOATS AND FLOATING STRUCTURES.",2016,4524.23
"SHIPS, BOATS AND FLOATING STRUCTURES.",2017,3074.91
"SHIPS, BOATS AND FLOATING STRUCTURES.",2018,5699.62
SILK,2010,364.74
SILK,2011,199.7
SILK,2012,156.99
SILK,2013,149.37
SILK,2014,135.55
SILK,2015,104.41
SILK,2016,86.69
SILK,2017,77.02
SILK,2018,84.45
"SOAP, ORGANIC SURFACE-ACTIVE AGENTS, WASHING PREPARATIONS, LUBRICATING PREPARATIONS, ARTIFICIAL WAXES, PREPARED WAXES, POLISHING OR SCOURING PREP.",2010,342.79
"SOAP, ORGANIC SURFACE-ACTIVE AGENTS, WASHING PREPARATIONS, LUBRICATING PREPARATIONS, ARTIFICIAL WAXES, PREPARED WAXES, POLISHING OR SCOURING PREP.",2011,474.08
"SOAP, ORGANIC SURFACE-ACTIVE AGENTS, WASHING PREPARATIONS, LUBRICATING PREPARATIONS, ARTIFICIAL WAXES, PREPARED WAXES, POLISHING OR SCOURING PREP.",2012,491.88
"SOAP, ORGANIC SURFACE-ACTIVE AGENTS, WASHING PREPARATIONS, LUBRICATING PREPARATIONS, ARTIFICIAL WAXES, PREPARED WAXES, POLISHING OR SCOURING PREP.",2013,519.5
"SOAP, ORGANIC SURFACE-ACTIVE AGENTS, WASHING PREPARATIONS, LUBRICATING PREPARATIONS, ARTIFICIAL WAXES, PREPARED WAXES, POLISHING OR SCOURING PREP.",2014,521.62
"SOAP, ORGANIC SURFACE-ACTIVE AGENTS, WASHING PREPARATIONS, LUBRICATING PREPARATIONS, ARTIFICIAL WAXES, PREPARED WAXES, POLISHING OR SCOURING PREP.",2015,483.3
"SOAP, ORGANIC SURFACE-ACTIVE AGENTS, WASHING PREPARATIONS, LUBRICATING PREPARATIONS, ARTIFICIAL WAXES, PREPARED WAXES, POLISHING OR SCOURING PREP.",2016,518.18
"SOAP, ORGANIC SURFACE-ACTIVE AGENTS, WASHING PREPARATIONS, LUBRICATING PREPARATIONS, ARTIFICIAL WAXES, PREPARED WAXES, POLISHING OR SCOURING PREP.",2017,586.16
"SOAP, ORGANIC SURFACE-ACTIVE AGENTS, WASHING PREPARATIONS, LUBRICATING PREPARATIONS, ARTIFICIAL WAXES, PREPARED WAXES, POLISHING OR SCOURING PREP.",2018,619.16
SPECIAL WOVEN FABRICS; TUFTED TEXTILE FABRICS; LACE; TAPESTRIES; TRIMMINGS; EMBROIDERY.,2010,233.07
SPECIAL WOVEN FABRICS; TUFTED TEXTILE FABRICS; LACE; TAPESTRIES; TRIMMINGS; EMBROIDERY.,2011,238.55
SPECIAL WOVEN FABRICS; TUFTED TEXTILE FABRICS; LACE; TAPESTRIES; TRIMMINGS; EMBROIDERY.,2012,287.31
SPECIAL WOVEN FABRICS; TUFTED TEXTILE FABRICS; LACE; TAPESTRIES; TRIMMINGS; EMBROIDERY.,2013,378.73
SPECIAL WOVEN FABRICS; TUFTED TEXTILE FABRICS; LACE; TAPESTRIES; TRIMMINGS; EMBROIDERY.,2014,404.9
SPECIAL WOVEN FABRICS; TUFTED TEXTILE FABRICS; LACE; TAPESTRIES; TRIMMINGS; EMBROIDERY.,2015,352.08
SPECIAL WOVEN FABRICS; TUFTED TEXTILE FABRICS; LACE; TAPESTRIES; TRIMMINGS; EMBROIDERY.,2016,373.47
SPECIAL WOVEN FABRICS; TUFTED TEXTILE FABRICS; LACE; TAPESTRIES; TRIMMINGS; EMBROIDERY.,2017,376.13
SPECIAL WOVEN FABRICS; TUFTED TEXTILE FABRICS; LACE; TAPESTRIES; TRIMMINGS; EMBROIDERY.,2018,377.75
SUGARS AND SUGAR CONFECTIONERY.,2010,1347.39
SUGARS AND SUGAR CONFECTIONERY.,2011,2008.42
SUGARS AND SUGAR CONFECTIONERY.,2012,1750.07
SUGARS AND SUGAR CONFECTIONERY.,2013,1354.82
SUGARS AND SUGAR CONFECTIONERY.,2014,1075.09
SUGARS AND SUGAR CONFECTIONERY.,2015,1763.5
SUGARS AND SUGAR CONFECTIONERY.,2016,1508.45
SUGARS AND SUGAR CONFECTIONERY.,2017,1018.64
SUGARS AND SUGAR CONFECTIONERY.,2018,1629.13
"TANNING OR DYEING EXTRACTS; TANNINS AND THEIR DERI. DYES, PIGMENTS AND OTHER COLOURING MATTER; PAINTS AND VER; PUTTY AND OTHER MASTICS; INKS.",2010,1695.71
"TANNING OR DYEING EXTRACTS; TANNINS AND THEIR DERI. DYES, PIGMENTS AND OTHER COLOURING MATTER; PAINTS AND VER; PUTTY AND OTHER MASTICS; INKS.",2011,1947.46
"TANNING OR DYEING EXTRACTS; TANNINS AND THEIR DERI. DYES, PIGMENTS AND OTHER COLOURING MATTER; PAINTS AND VER; PUTTY AND OTHER MASTICS; INKS.",2012,2089.36
"TANNING OR DYEING EXTRACTS; TANNINS AND THEIR DERI. DYES, PIGMENTS AND OTHER COLOURING MATTER; PAINTS AND VER; PUTTY AND OTHER MASTICS; INKS.",2013,2547.03
"TANNING OR DYEING EXTRACTS; TANNINS AND THEIR DERI. DYES, PIGMENTS AND OTHER COLOURING MATTER; PAINTS AND VER; PUTTY AND OTHER MASTICS; INKS.",2014,2818.1
"TANNING OR DYEING EXTRACTS; TANNINS AND THEIR DERI. DYES, PIGMENTS AND OTHER COLOURING MATTER; PAINTS AND VER; PUTTY AND OTHER MASTICS; INKS.",2015,2470.85
"TANNING OR DYEING EXTRACTS; TANNINS AND THEIR DERI. DYES, PIGMENTS AND OTHER COLOURING MATTER; PAINTS AND VER; PUTTY AND OTHER MASTICS; INKS.",2016,2563.54
"TANNING OR DYEING EXTRACTS; TANNINS AND THEIR DERI. DYES, PIGMENTS AND OTHER COLOURING MATTER; PAINTS AND VER; PUTTY AND OTHER MASTICS; INKS.",2017,2939.53
"TANNING OR DYEING EXTRACTS; TANNINS AND THEIR DERI. DYES, PIGMENTS AND OTHER COLOURING MATTER; PAINTS AND VER; PUTTY AND OTHER MASTICS; INKS.",2018,3305.66
TIN AND ARTICLES THEREOF.,2010,8.83
TIN AND ARTICLES THEREOF.,2011,8.63
TIN AND ARTICLES THEREOF.,2012,6.07
TIN AND ARTICLES THEREOF.,2013,82.05
TIN AND ARTICLES THEREOF.,2014,38.92
TIN AND ARTICLES THEREOF.,2015,58.35
TIN AND ARTICLES THEREOF.,2016,10.76
TIN AND ARTICLES THEREOF.,2017,11.84
TIN AND ARTICLES THEREOF.,2018,10.25
TOBACCO AND MANUFACTURED TOBACCO SUBSTITUTES.,2010,875.29
TOBACCO AND MANUFACTURED TOBACCO SUBSTITUTES.,2011,833.4
TOBACCO AND MANUFACTURED TOBACCO SUBSTITUTES.,2012,924.12
TOBACCO AND MANUFACTURED TOBACCO SUBSTITUTES.,2013,1011.28
TOBACCO AND MANUFACTURED TOBACCO SUBSTITUTES.,2014,958.59
TOBACCO AND MANUFACTURED TOBACCO SUBSTITUTES.,2015,981.96
TOBACCO AND MANUFACTURED TOBACCO SUBSTITUTES.,2016,958.69
TOBACCO AND MANUFACTURED TOBACCO SUBSTITUTES.,2017,934.24
TOBACCO AND MANUFACTURED TOBACCO SUBSTITUTES.,2018,981.269999999999
"TOOLS IMPLEMENTS, CUTLERY, SPOONS AND FORKS, OF BASE METAL; PARTS THEREOF OF BASE METAL.",2010,642.73
"TOOLS IMPLEMENTS, CUTLERY, SPOONS AND FORKS, OF BASE METAL; PARTS THEREOF OF BASE METAL.",2011,902.68
"TOOLS IMPLEMENTS, CUTLERY, SPOONS AND FORKS, OF BASE METAL; PARTS THEREOF OF BASE METAL.",2012,826.87
"TOOLS IMPLEMENTS, CUTLERY, SPOONS AND FORKS, OF BASE METAL; PARTS THEREOF OF BASE METAL.",2013,847.68
"TOOLS IMPLEMENTS, CUTLERY, SPOONS AND FORKS, OF BASE METAL; PARTS THEREOF OF BASE METAL.",2014,889.62
"TOOLS IMPLEMENTS, CUTLERY, SPOONS AND FORKS, OF BASE METAL; PARTS THEREOF OF BASE METAL.",2015,753.82
"TOOLS IMPLEMENTS, CUTLERY, SPOONS AND FORKS, OF BASE METAL; PARTS THEREOF OF BASE METAL.",2016,748.09
"TOOLS IMPLEMENTS, CUTLERY, SPOONS AND FORKS, OF BASE METAL; PARTS THEREOF OF BASE METAL.",2017,828.8
"TOOLS IMPLEMENTS, CUTLERY, SPOONS AND FORKS, OF BASE METAL; PARTS THEREOF OF BASE METAL.",2018,891.62
"TOYS, GAMES AND SPORTS REQUISITES; PARTS AND ACCESSORIES THEREOF.",2010,163.56
"TOYS, GAMES AND SPORTS REQUISITES; PARTS AND ACCESSORIES THEREOF.",2011,208.98
"TOYS, GAMES AND SPORTS REQUISITES; PARTS AND ACCESSORIES THEREOF.",2012,214.82
"TOYS, GAMES AND SPORTS REQUISITES; PARTS AND ACCESSORIES THEREOF.",2013,256.91
"TOYS, GAMES AND SPORTS REQUISITES; PARTS AND ACCESSORIES THEREOF.",2014,292.64
"TOYS, GAMES AND SPORTS REQUISITES; PARTS AND ACCESSORIES THEREOF.",2015,289.47
"TOYS, GAMES AND SPORTS REQUISITES; PARTS AND ACCESSORIES THEREOF.",2016,294.82
"TOYS, GAMES AND SPORTS REQUISITES; PARTS AND ACCESSORIES THEREOF.",2017,305.66
"TOYS, GAMES AND SPORTS REQUISITES; PARTS AND ACCESSORIES THEREOF.",2018,417.29
"UMBRELLAS, SUN UMBRELLAS, WALKING-STICKS, SEAT-STICKS, WHIPS,RIDING-CROPS AND PARTS THEREOF.",2010,1.45
"UMBRELLAS, SUN UMBRELLAS, WALKING-STICKS, SEAT-STICKS, WHIPS,RIDING-CROPS AND PARTS THEREOF.",2011,1.54
"UMBRELLAS, SUN UMBRELLAS, WALKING-STICKS, SEAT-STICKS, WHIPS,RIDING-CROPS AND PARTS THEREOF.",2012,1.42
"UMBRELLAS, SUN UMBRELLAS, WALKING-STICKS, SEAT-STICKS, WHIPS,RIDING-CROPS AND PARTS THEREOF.",2013,2.17
"UMBRELLAS, SUN UMBRELLAS, WALKING-STICKS, SEAT-STICKS, WHIPS,RIDING-CROPS AND PARTS THEREOF.",2014,2.2
"UMBRELLAS, SUN UMBRELLAS, WALKING-STICKS, SEAT-STICKS, WHIPS,RIDING-CROPS AND PARTS THEREOF.",2015,23.11
"UMBRELLAS, SUN UMBRELLAS, WALKING-STICKS, SEAT-STICKS, WHIPS,RIDING-CROPS AND PARTS THEREOF.",2016,1.79
"UMBRELLAS, SUN UMBRELLAS, WALKING-STICKS, SEAT-STICKS, WHIPS,RIDING-CROPS AND PARTS THEREOF.",2017,1.92
"UMBRELLAS, SUN UMBRELLAS, WALKING-STICKS, SEAT-STICKS, WHIPS,RIDING-CROPS AND PARTS THEREOF.",2018,3.18
VEGETABLE PLAITING MATERIALS; VEGETABLE PRODUCTS NOT ELSEWHERE SPECIFIED OR INCLUDED.,2010,75.13
VEGETABLE PLAITING MATERIALS; VEGETABLE PRODUCTS NOT ELSEWHERE SPECIFIED OR INCLUDED.,2011,51.9
VEGETABLE PLAITING MATERIALS; VEGETABLE PRODUCTS NOT ELSEWHERE SPECIFIED OR INCLUDED.,2012,60.0
VEGETABLE PLAITING MATERIALS; VEGETABLE PRODUCTS NOT ELSEWHERE SPECIFIED OR INCLUDED.,2013,58.92
VEGETABLE PLAITING MATERIALS; VEGETABLE PRODUCTS NOT ELSEWHERE SPECIFIED OR INCLUDED.,2014,59.81
VEGETABLE PLAITING MATERIALS; VEGETABLE PRODUCTS NOT ELSEWHERE SPECIFIED OR INCLUDED.,2015,66.03
VEGETABLE PLAITING MATERIALS; VEGETABLE PRODUCTS NOT ELSEWHERE SPECIFIED OR INCLUDED.,2016,67.73
VEGETABLE PLAITING MATERIALS; VEGETABLE PRODUCTS NOT ELSEWHERE SPECIFIED OR INCLUDED.,2017,53.27
VEGETABLE PLAITING MATERIALS; VEGETABLE PRODUCTS NOT ELSEWHERE SPECIFIED OR INCLUDED.,2018,54.17
"VEHICLES OTHER THAN RAILWAY OR TRAMWAY ROLLING STOCK, AND PARTS AND ACCESSORIES THEREOF.",2010,9315.6
"VEHICLES OTHER THAN RAILWAY OR TRAMWAY ROLLING STOCK, AND PARTS AND ACCESSORIES THEREOF.",2011,10931.08
"VEHICLES OTHER THAN RAILWAY OR TRAMWAY ROLLING STOCK, AND PARTS AND ACCESSORIES THEREOF.",2012,12193.08
"VEHICLES OTHER THAN RAILWAY OR TRAMWAY ROLLING STOCK, AND PARTS AND ACCESSORIES THEREOF.",2013,12932.75
"VEHICLES OTHER THAN RAILWAY OR TRAMWAY ROLLING STOCK, AND PARTS AND ACCESSORIES THEREOF.",2014,14473.64
"VEHICLES OTHER THAN RAILWAY OR TRAMWAY ROLLING STOCK, AND PARTS AND ACCESSORIES THEREOF.",2015,14355.73
"VEHICLES OTHER THAN RAILWAY OR TRAMWAY ROLLING STOCK, AND PARTS AND ACCESSORIES THEREOF.",2016,14949.79
"VEHICLES OTHER THAN RAILWAY OR TRAMWAY ROLLING STOCK, AND PARTS AND ACCESSORIES THEREOF.",2017,17255.08
"VEHICLES OTHER THAN RAILWAY OR TRAMWAY ROLLING STOCK, AND PARTS AND ACCESSORIES THEREOF.",2018,18096.0
"WADDING, FELT AND NONWOVENS; SPACIAL YARNS; TWINE, CORDAGE, ROPES AND CABLES AND ARTICLES THEREOF.",2010,254.77
"WADDING, FELT AND NONWOVENS; SPACIAL YARNS; TWINE, CORDAGE, ROPES AND CABLES AND ARTICLES THEREOF.",2011,303.57
"WADDING, FELT AND NONWOVENS; SPACIAL YARNS; TWINE, CORDAGE, ROPES AND CABLES AND ARTICLES THEREOF.",2012,314.09
"WADDING, FELT AND NONWOVENS; SPACIAL YARNS; TWINE, CORDAGE, ROPES AND CABLES AND ARTICLES THEREOF.",2013,323.55
"WADDING, FELT AND NONWOVENS; SPACIAL YARNS; TWINE, CORDAGE, ROPES AND CABLES AND ARTICLES THEREOF.",2014,338.15
"WADDING, FELT AND NONWOVENS; SPACIAL YARNS; TWINE, CORDAGE, ROPES AND CABLES AND ARTICLES THEREOF.",2015,506.12
"WADDING, FELT AND NONWOVENS; SPACIAL YARNS; TWINE, CORDAGE, ROPES AND CABLES AND ARTICLES THEREOF.",2016,350.33
"WADDING, FELT AND NONWOVENS; SPACIAL YARNS; TWINE, CORDAGE, ROPES AND CABLES AND ARTICLES THEREOF.",2017,390.77
"WADDING, FELT AND NONWOVENS; SPACIAL YARNS; TWINE, CORDAGE, ROPES AND CABLES AND ARTICLES THEREOF.",2018,427.2
WOOD AND ARTICLES OF WOOD; WOOD CHARCOAL.,2010,174.31
WOOD AND ARTICLES OF WOOD; WOOD CHARCOAL.,2011,230.43
WOOD AND ARTICLES OF WOOD; WOOD CHARCOAL.,2012,273.39
WOOD AND ARTICLES OF WOOD; WOOD CHARCOAL.,2013,331.29
WOOD AND ARTICLES OF WOOD; WOOD CHARCOAL.,2014,346.4
WOOD AND ARTICLES OF WOOD; WOOD CHARCOAL.,2015,446.42
WOOD AND ARTICLES OF WOOD; WOOD CHARCOAL.,2016,402.62
WOOD AND ARTICLES OF WOOD; WOOD CHARCOAL.,2017,401.55
WOOD AND ARTICLES OF WOOD; WOOD CHARCOAL.,2018,491.04
"WOOL, FINE OR COARSE ANIMAL HAIR, HORSEHAIR YARN AND WOVEN FABRIC.",2010,159.41
"WOOL, FINE OR COARSE ANIMAL HAIR, HORSEHAIR YARN AND WOVEN FABRIC.",2011,218.51
"WOOL, FINE OR COARSE ANIMAL HAIR, HORSEHAIR YARN AND WOVEN FABRIC.",2012,174.31
"WOOL, FINE OR COARSE ANIMAL HAIR, HORSEHAIR YARN AND WOVEN FABRIC.",2013,157.76
"WOOL, FINE OR COARSE ANIMAL HAIR, HORSEHAIR YARN AND WOVEN FABRIC.",2014,177.13
"WOOL, FINE OR COARSE ANIMAL HAIR, HORSEHAIR YARN AND WOVEN FABRIC.",2015,178.13
"WOOL, FINE OR COARSE ANIMAL HAIR, HORSEHAIR YARN AND WOVEN FABRIC.",2016,160.38
"WOOL, FINE OR COARSE ANIMAL HAIR, HORSEHAIR YARN AND WOVEN FABRIC.",2017,164.38
"WOOL, FINE OR COARSE ANIMAL HAIR, HORSEHAIR YARN AND WOVEN FABRIC.",2018,198.68
WORKS OF ART COLLECTORS' PIECES AND ANTIQUES.,2010,243.05
WORKS OF ART COLLECTORS' PIECES AND ANTIQUES.,2011,265.98
WORKS OF ART COLLECTORS' PIECES AND ANTIQUES.,2012,191.99
WORKS OF ART COLLECTORS' PIECES AND ANTIQUES.,2013,330.71
WORKS OF ART COLLECTORS' PIECES AND ANTIQUES.,2014,170.88
WORKS OF ART COLLECTORS' PIECES AND ANTIQUES.,2015,175.5
WORKS OF ART COLLECTORS' PIECES AND ANTIQUES.,2016,311.93
WORKS OF ART COLLECTORS' PIECES AND ANTIQUES.,2017,136.15
WORKS OF ART COLLECTORS' PIECES AND ANTIQUES.,2018,102.98
ZINC AND ARTICLES THEREOF.,2010,709.81
ZINC AND ARTICLES THEREOF.,2011,759.41
ZINC AND ARTICLES THEREOF.,2012,454.29
ZINC AND ARTICLES THEREOF.,2013,435.39
ZINC AND ARTICLES THEREOF.,2014,608.03
ZINC AND ARTICLES THEREOF.,2015,527.05
ZINC AND ARTICLES THEREOF.,2016,609.66
ZINC AND ARTICLES THEREOF.,2017,956.16
ZINC AND ARTICLES THEREOF.,2018,603.02
